distance_km,weight_kg,is_fragile,item_category_encoded,order_hour,is_prime_customer,estimated_delivery_days,shipping_type
752.2075371004881,9.33813314904712,1,2,1,1,5,1
1901.6750412877827,27.14085727418007,0,3,8,1,1,1
1465.3279139137533,43.659997210232774,0,6,12,1,1,1
1199.323675973088,36.6380218318371,0,2,14,0,1,1
316.25718768266086,40.34740127828634,1,8,2,0,6,0
316.2090680707243,32.9732899988648,1,7,10,0,3,0
120.87680627555793,34.64460056944084,1,3,20,0,3,0
1733.0214108209957,42.474863013109434,1,0,13,0,3,1
1204.2244484277016,12.558433642073378,1,0,7,1,6,1
1417.6047927031107,24.52230568579271,1,0,17,0,5,1
46.06606612012588,11.13835114679815,1,0,18,0,3,0
1939.9701550631787,49.38463359903268,0,7,15,0,2,1
1665.7230683968414,47.208561050362,1,2,1,0,1,1
428.6165258031609,2.067397887288444,0,5,7,1,5,0
367.74080957816574,35.308201108532856,0,2,21,0,1,0
370.8919971576005,46.269891039041724,1,4,5,1,3,1
611.9632747042778,9.110709721853942,1,6,11,1,5,1
1051.8890811063145,28.44046700457621,0,1,14,1,4,1
866.730312191021,45.78286604964329,0,5,7,0,2,0
586.0021346950937,1.7939043314313623,1,5,3,1,3,1
1225.646524971147,34.90127133561731,1,2,14,0,3,1
283.29025200082344,14.937715467890282,0,5,19,0,2,0
587.8285738277602,46.227370149288866,1,9,16,0,2,1
735.8918773709149,48.555806433751854,1,9,12,0,4,0
914.8596185129867,47.21889780676035,1,4,17,0,3,0
1571.4260429790622,23.76328941120744,0,1,1,1,6,1
403.3491954059277,43.11592828436674,0,8,12,1,3,0
1030.8977046351552,42.243014986900015,0,7,12,0,1,1
1186.8670648797747,16.023113614838458,1,2,21,1,5,1
97.66857337639546,41.4628821601188,1,7,14,0,5,0
1217.0519795433695,1.9466809723030818,0,8,19,1,1,1
345.1956267561466,29.853866936254448,0,2,9,1,5,0
134.77792800563265,11.577440980656382,0,2,2,1,2,1
1898.0266468203997,6.116287600286212,1,1,18,1,5,1
1931.435905983746,3.939964761297537,0,7,2,1,5,1
1617.75270949234,34.84480991631917,0,9,21,0,1,1
612.7044695008746,17.0597606920265,1,0,13,0,4,0
199.8558674427358,36.2658618992852,1,7,7,1,5,1
1370.044887891753,3.3612814058672242,1,6,22,0,6,1
883.1042250105046,15.832987857747455,0,6,3,1,5,0
248.46627851533376,27.020615489529327,1,2,19,0,4,0
992.877935671984,39.55708592546428,1,0,10,1,1,1
73.6050996248607,16.005749896310288,0,3,10,1,4,0
1819.09420214717,31.331979684206754,1,8,10,1,1,1
521.2660632920338,44.310289636985736,0,4,1,0,2,0
1326.731957286194,30.831573090297,0,0,16,0,1,1
626.8635967983748,11.724677790206325,1,4,8,1,2,1
1042.5357022497326,1.3175989996712472,1,7,1,1,2,1
1095.687007289843,43.5179338076564,1,7,23,0,1,1
373.7846387734264,1.1613436014343184,1,4,14,0,6,0
1939.3213323902944,43.74761346694155,1,8,15,0,3,1
1551.3899826054235,26.49396298795788,1,0,3,0,1,1
1879.3003884205573,46.95947815579352,0,3,7,0,5,0
1790.1805641031594,39.959283465105905,0,2,8,1,6,1
1197.810457728115,49.89691211561354,1,1,4,0,6,1
1844.139098871118,17.60051959104034,0,7,15,1,5,1
181.5425415935794,38.38269561766323,1,6,12,1,3,1
395.98581052619465,20.156352589101186,0,8,6,0,6,0
95.22844137652343,24.045793453165054,0,1,19,0,2,0
654.0340098727123,31.412522614596668,0,3,16,1,3,0
780.4111929305166,43.6964879978983,1,5,2,0,5,0
546.3413183889223,49.205765113044826,0,2,4,1,3,0
1658.331330758099,38.43684335183946,1,7,18,0,1,1
716.7228867537107,20.946562430149957,0,2,11,0,3,0
565.4643468263246,21.125714413625804,0,1,6,0,2,0
1087.6786859007057,36.90535684928569,0,2,8,1,1,1
286.1438288246515,12.014979573838286,0,5,5,0,4,0
1605.382976604309,5.6126582452565925,0,1,16,1,5,1
153.7285341411428,17.79564566627475,1,7,15,0,5,0
1973.839438518032,14.433225683538678,1,0,22,1,3,1
1545.6283147468316,14.885775210753904,0,6,2,0,6,0
401.43778466067397,11.757026777390506,0,1,20,1,1,1
16.016623661586785,2.200450162854458,0,9,3,1,4,0
1631.8455497673942,0.991909343197349,0,5,9,1,1,1
1415.1804009759962,49.387347247827975,1,1,4,1,5,1
1459.3693002417697,21.445879373419533,0,1,20,1,1,1
1543.6843416384618,19.277899693268118,1,9,21,1,4,1
152.71908020951028,34.014399406384186,0,7,9,0,6,0
720.1391284458239,10.9908690044667,1,1,11,1,3,1
236.15877375263378,47.503063079116245,0,6,9,1,2,1
1726.8913346218092,39.338616219336046,0,2,12,1,1,1
1248.479763020978,4.561609015381749,1,7,10,0,2,1
665.1415595810352,20.937280711667928,0,6,21,0,5,0
131.79890882061716,43.96800354735202,0,7,15,0,3,0
625.409731822746,47.242127912341374,0,6,7,1,3,0
653.7407274433604,23.4233354113685,1,5,7,0,1,1
1460.5643257844379,30.709228321614315,0,6,7,0,6,0
1276.9271553536503,8.434993909994553,0,4,12,1,3,1
1774.9894214397714,49.55931444423513,1,6,1,1,1,1
947.0687756980889,11.660417899033824,1,0,11,0,1,1
243.5905206469119,47.14231552934277,1,0,9,1,2,1
1427.923350509875,32.517367784719184,0,8,11,1,3,1
1522.7661719907103,30.42606606445507,0,4,10,1,1,1
1124.748009151145,25.683156699723778,0,4,14,1,2,1
1543.0795240093491,11.610423604716157,1,2,15,0,4,1
990.1222147469596,8.908748797074862,0,4,16,1,2,1
1047.8519946170782,11.10226183260175,0,2,1,0,2,1
857.9443316253065,9.4032692809983,1,8,17,0,1,1
55.7111578544699,39.00126523098099,1,8,11,0,5,0
220.2433968516424,17.571250432419834,1,5,18,0,5,0
67.70122544503482,2.986349560513479,1,0,22,1,6,1
1274.638770471242,48.45822124402648,1,6,17,1,5,1
632.1401822472717,44.20091565967494,0,6,16,1,2,1
1019.598528873582,46.39483893144113,1,9,5,0,6,1
1815.5951154825557,49.74590035005712,0,9,14,0,1,1
502.3379971520055,8.777372936052416,0,3,2,0,3,0
823.7139314560814,19.87247674324267,1,7,5,1,2,1
1512.3245213933822,37.936099937634154,1,5,2,0,2,1
461.4523401557868,34.831428840884236,1,3,0,1,6,1
158.57492010844203,7.779405726358767,0,3,12,1,1,1
583.0541485629672,40.810072937031826,1,1,20,1,4,1
326.6364680717388,11.299584534649366,1,1,13,1,2,1
1859.7468164234333,11.268498979648891,1,3,12,0,4,1
1617.2001572310119,26.895023702381337,1,4,3,1,4,1
1268.6404942382949,29.687702748600987,1,7,6,0,5,1
1743.563877424497,29.04630177110678,0,5,21,1,1,1
1608.3257934137334,4.665193186147968,0,3,9,0,4,0
377.2072674776415,43.88529704525598,0,6,6,0,1,0
1785.6552019875057,13.353442125176432,1,7,20,1,5,1
1080.9877726217233,6.562794572011928,1,1,14,1,1,1
1615.8431095523047,44.448529185461965,1,6,14,1,2,1
1792.702143347369,47.78700976166469,0,1,3,0,4,0
639.4169325688684,43.120168101545985,1,1,22,1,1,1
224.55358943271514,40.49485212877141,1,7,22,1,3,1
459.73064927117366,32.796574833887185,1,1,5,0,1,1
857.0800383093814,27.58778279339605,0,8,23,1,4,0
1636.9394580153737,4.440639319579366,1,0,19,0,5,1
1722.1575135964051,20.481815332227868,0,8,4,1,5,1
18.869500409725454,18.69715699891447,1,0,19,0,4,0
1023.9408686422437,13.061713809640278,0,9,11,0,2,1
837.7349512818141,36.19866367306039,0,9,0,1,2,1
448.1050818891068,24.844199180430664,0,1,7,0,5,0
244.13140783069719,4.144206173791631,1,5,0,1,5,1
678.5422669502377,11.087141777295585,1,5,4,1,4,1
1886.1048593054757,34.194612306613834,0,0,21,0,2,1
649.7898493814067,3.8989298885659793,0,6,5,1,5,0
1039.9872903780154,42.57522501103356,1,7,20,0,2,1
1407.5228229958798,24.80781169799732,1,1,2,0,5,1
730.4410567466915,24.081270208599737,0,7,14,0,1,0
1943.7052550283165,29.661148454509927,1,8,4,0,3,1
1925.0823534095118,41.25158019966494,1,5,23,0,6,1
507.30568017160147,17.455679474319435,1,4,13,0,1,1
997.010769255309,33.93300601269727,1,8,17,0,6,0
605.2522280844555,28.330025003389974,0,8,15,0,5,0
573.2567862830479,13.424710681454123,1,0,5,1,3,1
78.58945997229293,43.94363631912238,1,2,23,1,3,1
1221.0808462898942,39.891558478185715,0,8,13,0,5,0
1007.8446513415787,32.95674654945543,0,1,23,1,5,1
107.70010874372876,42.544028281802674,1,3,7,1,2,1
560.8996961520398,43.37798062789414,1,3,6,1,5,1
1816.990442503474,35.44731253808023,1,1,7,1,4,1
482.92597188061,41.86696508534723,1,2,12,1,5,1
294.06526982199006,34.903825937297256,0,2,5,1,4,0
981.4582567537382,34.03902451083899,0,0,17,0,5,0
1971.3726559506483,30.968707772937698,0,5,1,1,2,1
487.9002666654433,37.6605603139263,1,7,7,1,4,1
1345.9104170747278,8.014394754124378,1,2,10,1,1,1
1524.4311325807917,44.05545088402653,1,4,0,1,4,1
479.08690026483737,43.604992034487076,1,0,21,0,2,1
1457.7916154806599,1.5594394234245015,0,9,5,0,6,0
738.7273497749102,41.308255853181656,0,6,15,0,4,0
1266.450132034191,6.530606386924915,1,9,19,0,5,1
1268.891772967985,16.822430827531182,0,0,11,1,5,1
1073.8704947291433,37.20106198895123,1,8,10,0,6,1
185.12809125854457,8.121918812810579,1,7,9,0,2,1
1671.4284787005297,40.91655450354121,0,6,2,0,3,0
644.956229618613,41.62349548009132,1,9,12,0,5,0
377.10442824770917,25.422639914665726,1,6,2,1,1,1
86.346407401754,0.41865499866999567,0,4,14,0,2,0
1183.8314216605424,14.423202845428147,1,4,15,1,4,1
1356.7409018753535,30.884653226949535,1,4,12,0,4,1
38.092718711073026,49.06119028356843,0,0,16,1,1,1
1026.6256513070657,31.627494998131752,1,7,2,1,5,1
456.85907151988624,13.064198695101574,0,0,19,0,2,0
1292.1197168668525,31.73688458467061,1,3,10,0,1,1
352.8610258649579,27.04527044782119,0,8,20,0,5,0
1383.4207875144195,39.01428521804207,0,8,18,0,2,1
776.5370158695721,5.438333877465224,0,4,21,1,4,0
1873.7763275297855,38.0752923348512,1,3,10,1,2,1
279.35428357125653,27.109202275937903,0,2,15,0,6,0
685.4273703452657,48.153300992563835,0,2,20,0,3,0
231.3796748749752,17.159421085330436,0,4,2,1,2,1
1849.7637684657327,31.667832467384013,0,9,21,0,3,0
1755.292009995057,46.60820246494987,0,0,5,1,2,1
519.5935472917355,5.215235426734894,1,4,13,0,3,0
1321.6681718381872,46.867701513098915,1,5,23,1,6,1
1635.3582894014255,34.42549754281059,1,6,17,1,4,1
1112.6256191409273,3.485069249348078,1,8,16,1,5,1
1061.652903820233,15.11808199064613,1,2,3,1,3,1
487.4953203464011,35.43778722339955,1,1,22,1,6,1
190.74002177276893,3.460795013291708,1,2,14,0,3,0
1794.945437116887,29.150305962796036,0,8,10,1,4,1
1801.3340240408443,17.35956454195254,1,6,2,0,3,1
1268.0374072601696,31.08368433659711,0,8,2,1,6,1
681.3644331421578,2.382527487244391,0,1,15,1,6,0
701.6731013522585,43.58968662700357,1,4,4,0,1,1
1453.2815793461275,48.677099561952105,0,3,20,0,4,0
1794.7349686053913,48.447004978756006,0,1,9,0,1,1
1774.737416408909,37.50762640397194,0,8,18,0,4,0
1560.8517139859596,6.591303382518535,0,8,3,1,3,1
1285.853134077804,37.93733347685823,1,5,18,0,6,1
172.85923016512243,1.3268871312941954,1,5,10,1,1,1
327.44928461875446,1.203965221296963,1,7,1,0,3,0
1797.615606111523,16.248149935562108,1,5,9,0,6,1
1214.8259740208819,24.48329520119282,1,0,10,1,4,1
23.348117975176148,38.54333014860888,1,3,19,1,6,1
207.43572801773405,34.19643929266461,1,6,15,0,3,0
1328.6860293705713,22.35054504819974,1,1,18,1,1,1
15.097859773206281,13.753970647455127,1,8,22,1,1,1
325.81206257790984,49.856512557869785,1,7,23,1,6,1
1099.7239097863394,21.366446981575052,0,7,10,1,3,1
1385.330919396923,22.624212514050807,1,6,13,1,2,1
1305.6627127076881,8.264828677464292,0,3,1,1,4,1
452.4172723738168,39.76099648262148,0,1,22,1,4,0
1425.797546588334,34.71474306649628,0,2,4,1,3,1
478.3119295561161,11.116403678159143,0,5,4,0,2,0
654.1723978277391,4.21081417623055,1,4,18,1,1,1
1494.2503532104581,34.05691517352818,0,7,20,0,5,0
1301.0176335991932,32.76010959262865,1,5,11,1,5,1
1699.200703935885,13.735650397210645,1,5,17,1,3,1
1316.937720139185,47.54809175629548,0,0,3,1,2,1
1138.7756636542658,7.637788799866921,1,3,21,1,2,1
191.8811618170445,21.673506572025836,0,4,16,0,4,0
738.5930271035699,47.186434416363184,0,2,9,0,1,0
534.0787235250423,21.044393114613506,1,8,19,1,6,1
491.75933854127175,31.96244478843787,1,0,5,0,2,1
1946.156056731129,19.939960458343435,0,5,13,1,6,1
789.229960710187,13.783338597198634,1,5,10,1,5,1
1784.632877578341,49.20048463319543,1,9,10,0,6,1
1264.1215588645396,20.52576691512065,1,4,17,0,1,1
1590.6485505655885,44.71555026358881,0,4,22,1,1,1
1007.7610007448583,11.5747348339652,0,9,21,1,6,1
1155.9232498295864,10.733924730851657,1,4,17,0,3,1
987.5727991686334,1.653590735937117,1,5,23,1,2,1
394.50976065709875,32.618174586256664,1,7,22,0,3,0
1446.2919699467031,18.489464551815683,1,1,10,1,6,1
565.1408630695073,43.23147666699789,1,5,20,1,2,1
53.51035303075041,23.713174343908705,0,0,11,0,4,0
1292.7172303347998,48.412852052944615,1,3,4,0,3,1
358.33580541706266,9.357723233585745,0,9,22,0,3,0
1881.214875784064,43.44429608098498,1,2,8,1,6,1
1908.0875111201617,38.852182954307914,0,8,8,1,5,1
1830.1544584897947,38.56900004773819,1,2,21,1,6,1
743.4666070096116,42.254683083032695,0,5,9,1,3,0
35.83594997509052,38.07509714805565,1,0,21,0,2,1
1856.9955323625122,31.348394049407627,0,5,18,1,5,1
859.2273758930421,6.649119396351139,0,3,0,1,6,0
1933.4763639921207,1.7230563566134707,0,7,6,1,6,1
1927.4218542930594,46.050307606002775,0,8,3,0,3,0
1706.7538636573834,30.870850694584828,0,3,0,1,3,1
592.4255396788235,39.8472108197112,0,9,14,1,4,0
773.2699685608409,24.127965340476248,1,9,7,0,6,0
1703.0176596761296,5.953678629223484,0,5,11,1,3,1
637.2594002867739,6.3467710309072665,1,0,21,1,1,1
343.1380296387545,34.30970783272567,1,3,21,0,5,0
1115.8185186044086,21.57226415548319,1,6,17,1,1,1
1872.628774450758,10.106183862346802,1,0,14,1,5,1
1393.5794443665711,24.630567882397703,1,7,16,1,6,1
1142.272034328283,3.304025960049191,0,9,13,0,4,0
198.86710507268322,29.1403729555285,0,5,13,1,3,0
1231.9394172648435,13.522770881311374,0,4,17,1,3,1
1980.1574309580053,39.89819912179569,1,9,19,0,3,1
284.46761039686544,15.58706175028633,0,8,17,0,6,0
1039.0676564656549,22.81548543918188,0,1,15,1,5,1
1755.3592784962711,0.6798649414142217,0,4,0,1,3,1
1482.833392419638,3.715099700948488,0,5,22,1,1,1
1395.5464032855596,19.685428464693572,0,6,10,1,3,1
1406.4557475542829,24.048947852384465,1,4,14,0,6,1
722.1848466834116,30.041025351153255,0,8,11,1,4,0
590.7157293076642,14.653962677594231,1,0,7,0,1,1
1619.6755051796347,34.779596117714476,1,6,21,0,3,1
1621.1762223849655,43.02010761974131,1,9,19,1,3,1
1734.809275567307,39.014564345778155,1,6,5,1,2,1
1826.9149023501602,2.0769793848830216,1,3,2,0,5,1
1025.128085727571,24.077296668165665,0,8,23,0,1,1
1005.5250079009633,5.336015903066926,0,4,12,1,2,1
1597.5988820387165,12.17804629154012,0,3,12,0,4,0
1301.6780419016416,49.33446340403061,1,6,1,1,5,1
1405.4239201291182,7.210527590785509,0,3,4,1,1,1
1592.6063755250216,24.99451885722267,0,2,16,0,3,0
1780.5606569260447,30.945971142474143,1,8,5,0,1,1
679.300337918814,35.15300203015079,1,7,1,1,3,1
754.2879905166883,28.026469305997015,1,0,3,0,5,0
192.49396998253366,0.5875652862172646,1,6,21,1,3,1
1158.6688812873672,16.390419281375195,0,8,10,1,4,1
76.70483622450047,25.933811004897102,1,7,7,1,6,1
933.868046174258,4.484538307327184,1,7,11,0,3,0
1087.5760462416154,17.59628386733812,0,5,7,1,4,1
576.6497979959274,1.7568351286891917,0,3,10,1,6,0
1183.7123548351765,4.021067008035534,1,7,21,1,5,1
65.84799862840362,19.906471482459644,0,2,19,1,5,0
79.50963655468276,6.722516126748711,1,8,7,1,1,1
1646.0881185160183,28.420288328251754,1,1,7,1,4,1
723.5803296154695,34.50430195994956,0,1,16,1,4,0
258.48572274051014,40.049276285543236,0,6,19,1,2,1
1046.8753038093348,10.087497187816023,1,9,19,1,2,1
1541.1371384317285,8.45738085472758,1,3,22,1,6,1
435.5629498562021,5.3179352326865725,1,9,15,1,6,1
1247.6664992589056,31.857869452227472,0,7,13,0,2,1
175.26819266256715,35.35313875169637,1,8,10,1,6,1
108.10503373137236,1.6761486267995378,1,6,6,1,3,1
1065.0524899784552,46.81699108756012,1,4,15,1,2,1
1083.5670676121624,2.693367054208473,1,7,12,0,4,1
1276.6726534889222,27.110687131523417,1,3,14,1,3,1
1453.55221077671,35.48211992060073,0,1,23,0,6,0
1951.8248985277564,43.56135927492967,1,5,15,1,5,1
1035.0191948608847,35.73293791340815,1,8,20,1,1,1
649.2981635177857,40.106231345182614,1,0,22,0,2,1
1591.3964585635638,17.038564607886023,1,9,23,1,5,1
545.3103412678381,40.75977317595096,0,6,8,0,6,0
880.747984307744,4.097730834595289,0,9,2,0,4,0
161.52048077782058,44.75135113742033,0,8,18,1,1,1
55.57473311383773,27.42485957007144,1,9,19,1,5,1
1925.4835872824606,40.88315872112844,1,8,4,1,1,1
1672.7803404218507,22.670682397463178,0,9,9,1,2,1
1393.4685411569274,32.214526990306595,0,2,16,0,6,0
820.8611241064684,26.36749278071205,0,4,14,0,4,0
350.72216854133734,36.60631713559106,1,7,22,1,6,1
317.0919001288167,4.173336103326419,1,7,7,0,1,1
504.23458183836766,3.1115689911291335,0,3,14,0,5,0
1100.7071960887104,12.430451377106307,0,0,20,1,2,1
1430.6188657866244,8.061279537648097,0,0,13,0,2,1
1322.0937665518738,43.601999972950864,1,3,19,0,6,1
563.468124407156,11.03877796916641,1,5,6,1,5,1
1909.9562349230723,48.79567626537465,1,7,20,0,5,1
1477.1043488080581,16.91110000937823,0,5,22,1,1,1
1110.9363347602443,9.187683992866093,0,8,11,0,6,0
1225.3828887375328,39.50595550640971,1,8,16,1,6,1
842.1021245434408,32.96951799749372,0,1,16,0,3,0
499.22332405480915,24.959966251011636,1,9,9,0,6,0
715.1654939092668,27.8126411917878,0,0,18,1,2,1
1516.9029903764165,35.98816873578597,0,1,13,1,1,1
33.71500981636296,11.499891592431807,0,4,10,1,5,0
236.5649178112979,49.817062411231426,0,3,1,1,6,0
96.77527083339673,48.74217879112448,1,3,17,0,1,1
86.25396062634542,32.551251748712154,0,8,6,0,6,0
1711.6438651019594,10.057168301364342,1,7,11,0,5,1
1408.7974294631472,34.04338929732144,1,5,1,1,4,1
950.9767890292137,3.7027006080608746,1,0,19,0,5,0
200.17915049874796,1.6295598600697228,0,1,17,0,5,0
985.7736708580805,12.958376136709562,1,5,5,1,5,1
949.5761827072286,23.184885541291884,1,1,23,1,6,1
350.5377304704803,43.42679801987819,1,9,9,0,3,0
870.5340402297562,36.38573658133877,0,4,19,1,5,0
800.01694512276,37.161055407879054,0,4,14,0,2,0
1233.620945614172,21.33211738895896,1,5,4,0,2,1
1272.0118334809495,17.36215612809345,0,5,19,1,1,1
95.38149949522881,18.614834272931674,1,5,2,0,3,0
752.3521661798101,49.38371323042929,1,1,4,1,1,1
1253.5905318499015,2.1014486514828756,0,9,7,1,2,1
1008.756835867275,43.36487165651018,1,2,7,0,2,1
1713.697233170703,28.97590288776243,0,5,7,0,4,0
1319.0937950797952,21.986909417560565,0,7,11,0,5,0
330.0541820274522,36.29035725471531,1,0,23,1,2,1
145.78465106385752,24.384780177092672,0,0,22,0,6,0
1286.6264600215995,43.683819580274864,0,1,7,1,6,1
57.89006453053552,45.0450230141618,1,5,10,1,1,1
1173.6222846405592,21.143874250985426,1,8,13,0,1,1
1880.7593316427904,13.913707082029072,0,3,7,1,5,1
1153.0709848623785,29.658281396808775,0,2,23,0,5,0
779.3990027820112,45.62693094627288,1,7,9,0,4,0
1288.3599957924946,10.612043231382762,0,9,6,0,3,0
919.2145165305757,31.18603251981779,0,8,16,0,1,0
1093.5054946852902,31.614854982616777,0,4,3,0,5,0
1883.2222935091677,36.68233981852252,0,8,12,0,1,1
775.2747624125446,6.665227487850264,0,1,3,0,5,0
1922.575174828709,35.81966573763622,0,2,4,1,2,1
1811.174530702347,45.46072278121549,0,6,21,0,1,1
395.60331390464637,9.066187132625073,1,6,3,1,2,1
143.3757952459551,11.953411913701494,1,5,17,1,1,1
206.05211274796616,48.572615192677816,1,5,5,1,3,1
41.35254217484171,9.13074994020354,1,1,23,0,4,0
193.41370670807714,42.733816159142,1,9,23,1,6,1
1367.598512965632,24.664665036756936,0,5,22,1,6,1
147.02135367815683,12.436830612718534,0,3,21,0,6,0
641.3563824360538,43.550420073498316,0,2,1,0,2,0
1690.526245384062,22.32073222463301,0,1,22,1,5,1
51.4275117929726,25.78938596109154,1,0,10,0,6,0
1629.864622764927,18.025745133048307,0,4,13,0,3,0
567.3002756729329,29.68824748660288,0,1,4,0,6,0
240.73883110520424,8.259841241992635,1,1,5,0,1,1
1394.9906449014804,19.61496867892286,0,6,9,1,2,1
1259.7409793258685,48.473674884530844,0,7,7,0,1,1
1755.5566669864706,12.980858291786264,1,9,13,0,1,1
1471.466732388752,32.87115956061048,0,7,23,0,1,1
1607.944456117773,16.326984204812277,0,3,2,1,4,1
567.6589722797564,38.696308971761376,0,0,11,1,4,0
358.991889840547,6.630595669845656,0,6,15,0,5,0
1502.4764295235125,48.49407014941938,0,0,22,0,2,1
1614.6353048381918,22.7440981150436,1,3,16,1,3,1
1981.0577582913431,11.878918120988551,1,7,0,0,3,1
828.1722654382959,3.7674876917676317,1,1,22,0,3,0
747.1760811566024,8.570919463868282,1,5,9,1,1,1
1553.9438566802837,26.036720032945283,1,5,22,0,4,1
684.9030628047706,16.916458503921188,1,8,9,0,2,1
1861.8608645791116,41.46127995754221,0,4,20,1,1,1
1717.5334399268086,21.601287430724117,1,9,23,1,4,1
860.8430846131616,12.510842202122731,1,3,1,0,4,0
1502.9877802440374,30.8955348315411,0,4,8,1,6,1
1510.3130337989412,35.368183122583744,0,9,21,0,6,0
210.73211832768555,8.435391204257398,1,4,12,0,2,1
1805.5930488257354,8.464198892787051,0,7,15,0,2,1
1012.978483033475,1.9299042039837944,1,9,17,1,2,1
1653.7826448849446,36.846460551775465,0,7,18,1,1,1
643.4989540560705,33.223845928328075,1,1,11,0,5,0
1791.56884084992,23.784080699915712,0,6,7,0,2,1
781.4573490746554,42.22410540356294,0,7,16,1,6,0
26.62111470319523,40.30294063220765,1,5,14,1,5,1
1811.237042956431,29.309182783397933,1,4,9,1,1,1
187.11692018833645,43.426736897611605,1,8,14,0,5,0
642.0307069928776,10.371476380834736,1,2,14,1,3,1
1900.3736242663558,5.684789007946621,1,9,22,1,5,1
1901.4612581404244,13.560505614697782,0,3,6,0,2,1
1149.0085868059557,2.9486341188568113,1,8,12,0,1,1
1265.5152382787496,26.605359447251498,1,5,16,0,2,1
899.6488163467479,46.836624045518576,0,7,8,1,6,0
589.9554895376388,2.0632426793586314,0,6,7,0,3,0
660.6857680129823,6.193284709100337,1,1,19,0,6,0
1346.6743198736917,22.664731511343422,0,2,20,0,2,1
1505.9871862281716,46.70036337464246,0,0,17,0,2,1
1584.2001922330678,15.876189638339849,1,8,12,1,2,1
1580.288194875135,25.41101695355078,0,6,15,0,4,0
186.9561755821373,2.1744856666145655,0,0,8,1,3,0
991.3685078816501,7.502325728008234,1,2,11,1,2,1
119.82972623320535,49.332843135646456,1,3,11,1,2,1
1101.3101202358523,48.25942295215867,0,3,5,0,6,0
885.8533502398872,0.3465050486270398,0,4,18,1,6,0
1775.969844602808,47.59540809261962,1,2,6,0,2,1
705.075450041397,31.992084896993468,0,2,2,0,1,0
238.54869777307368,43.40912289654911,0,0,15,0,4,0
290.2684056954075,22.79151879612957,0,6,17,1,6,0
1524.2137102763572,25.828241826104588,1,9,15,0,1,1
1238.345036315941,24.49344435482032,0,0,22,0,4,0
206.73973886496654,33.37652645155061,0,1,6,0,2,0
172.79307819941988,7.068597612340013,1,3,3,1,3,1
1403.4334172609445,1.59568213464663,0,3,7,1,5,1
150.1621976965661,15.465704085400425,0,4,12,1,5,0
1644.6108182842606,35.26357006055867,1,1,12,0,2,1
1413.95324317721,10.172487260935123,1,3,16,1,6,1
167.29081738059003,33.704278422913376,1,0,16,0,1,1
174.25123959995787,48.4986111007528,1,1,4,0,3,0
1973.3459591098451,4.785645717891977,0,0,5,1,4,1
751.6702375334601,33.6628456994338,0,9,18,0,2,0
744.4310833984474,22.2431359432981,1,9,12,1,3,1
1626.5351366787177,43.42029849343752,1,3,13,0,3,1
1894.7609118807982,8.939774493424556,0,3,21,1,6,1
1972.0721223266273,34.66203501608561,1,6,3,0,4,1
1507.9894795915886,41.9219529534407,0,9,6,0,3,0
755.637873134177,47.23624955175376,1,8,7,0,6,0
171.58392981384418,34.19407661165333,0,8,12,0,1,0
1555.4080972752363,24.90902072402052,1,4,5,0,6,1
1119.016478222931,30.93057728604057,1,9,5,1,1,1
851.3229084477177,43.45835872548804,0,0,23,0,1,0
1813.1769982639983,28.5734263572776,1,0,20,1,3,1
226.83897720077192,1.6163142788721594,0,5,2,1,6,0
987.787083060264,46.554339905798194,0,1,2,1,1,1
27.650521311001043,34.5073848764749,0,7,12,0,4,0
939.9779807782819,33.8580179502846,0,8,21,0,3,0
117.32503498526552,10.862190104646086,0,3,1,0,6,0
242.04174295480348,32.978384964609596,1,4,15,1,6,1
239.46486232032424,19.75383384214251,1,7,21,0,5,0
1300.174552721547,32.59652555437046,0,2,5,0,6,0
1493.3595341345194,5.418992212368736,1,4,7,1,3,1
1168.8206863688335,32.926480699691496,0,2,22,1,4,1
1924.534234206711,49.97074491595626,1,9,7,1,6,1
752.8668061497896,2.5057807391417457,1,2,5,1,5,1
574.9956121323122,48.86099179264373,1,2,13,1,3,1
1737.8552607379734,20.404707240071243,1,6,2,1,1,1
451.073697846308,43.55059717182923,0,6,9,0,2,0
1926.6289661840196,39.141035654507846,0,6,2,1,2,1
29.2481770061836,28.394111423234722,1,9,11,0,1,1
1939.90825928174,36.948615541641196,1,7,16,0,6,1
91.10402434139935,43.93792650893726,0,4,4,0,2,0
1782.830511827652,20.266602050386545,1,4,19,1,2,1
1057.7637126271682,16.41895476200561,0,3,8,0,1,1
1985.9647682580041,33.41290993962288,0,6,20,1,6,1
152.22414664712073,40.4115125028688,0,9,19,1,6,0
1109.939297380635,38.138028225353125,1,3,6,0,1,1
1938.7585585601025,39.91090107804586,0,1,21,1,6,1
1048.580199119447,21.83560740916536,1,3,3,0,6,1
1260.6502830798488,40.90992738713358,0,7,12,0,3,0
1393.0186345243112,6.098431862993361,1,8,12,1,3,1
911.8094242117076,27.270005988246393,1,2,9,0,1,1
1256.9783697677065,0.3873571588562663,1,6,17,0,4,1
1170.707052286585,16.29683291202349,0,8,16,0,2,1
1802.810230929523,18.386430590082753,0,3,19,1,3,1
95.66552878120845,19.869017311301846,1,9,19,0,2,1
565.5215632364994,34.803813613824126,1,2,12,1,5,1
1901.0709107327348,19.489049253390252,1,4,16,1,1,1
1781.076248862378,22.489811768864282,0,0,21,0,4,0
914.0352218074974,11.95345213062894,0,2,3,0,5,0
1242.1645326140658,18.72526440230407,0,7,0,1,5,1
558.3754600473596,11.440754400431258,0,7,0,1,6,0
380.30171364890384,3.7524765960453377,1,3,14,0,5,0
930.0783178552643,30.212084809730758,1,1,12,0,1,1
709.9376949119753,33.44381864789531,0,7,16,1,3,0
1169.39394314249,31.012568265879764,0,7,23,1,1,1
160.08060074514475,23.22835278564856,1,9,7,1,3,1
1948.9176412940021,19.05131043094357,0,3,17,1,5,1
1972.4904352368078,43.18034911363408,0,2,12,1,5,1
1397.8326194693916,26.00218107829728,0,1,22,0,4,0
1074.5122508565203,24.011175693723576,0,8,13,1,3,1
622.5075944912238,1.3795390837411408,0,0,7,1,5,0
1628.5210643153625,17.128266598545203,0,6,7,0,6,0
1371.0386892449892,19.07176137741427,1,4,14,0,2,1
329.4207939930581,20.001256766755336,0,7,12,1,4,0
1822.2997330652158,29.05060122444388,0,3,6,1,1,1
1645.9617996317222,26.726767081671234,1,6,4,0,4,1
1899.8508270173884,30.434464130392886,1,4,16,1,2,1
1452.8104192347782,38.2676747509522,1,4,15,1,3,1
1228.7633158919007,40.66798836193306,0,8,22,0,1,1
839.3948573997847,35.93434150370207,1,8,1,1,1,1
1865.7933242912566,47.78063242815124,0,8,21,0,3,0
1732.7974595533146,1.0098058755504453,0,5,17,0,4,0
95.21124686184787,9.86932148560895,0,5,16,0,5,0
57.60211412201775,0.4773874614092918,1,4,6,0,4,0
756.044416921709,32.40898823631469,1,8,12,1,2,1
1622.0538949097565,44.91172439260435,1,9,17,0,6,1
1974.6158779833142,12.249766599157333,1,7,13,1,5,1
305.08169775153874,46.3590237853357,1,6,17,1,4,1
1190.2907771275095,3.1073427754490863,0,6,12,1,6,1
764.8772589788879,46.72835773759516,0,5,10,1,6,0
1939.9792236401333,17.645972093257758,0,4,20,1,3,1
1685.0272516557388,5.160899339615904,0,3,20,0,2,1
1677.46576589872,24.34500078339765,1,2,15,0,2,1
940.0428537909658,12.913150729253346,1,2,22,0,2,1
832.564907163642,14.315157807899949,0,5,16,0,5,0
550.447108501759,15.4337692498217,1,3,7,1,1,1
117.46911581859959,40.17099230184991,1,5,18,0,5,0
1730.1211406288312,27.0041477060952,0,2,19,1,4,1
1626.7375132145048,15.634254187884581,0,3,14,1,6,1
1999.4367582058305,30.555655787214828,1,8,8,0,6,1
1993.2904899624411,35.83591864373736,1,4,19,0,1,1
1113.0862526772416,13.703937636603333,0,6,9,0,4,0
1539.1298932851184,20.73610016611504,0,9,11,0,1,1
1889.8076311154439,6.182116057513682,0,1,20,1,6,1
1700.0465444014358,9.139352541780546,1,4,22,1,5,1
498.4594629776793,34.087780912852644,0,8,19,0,2,0
903.8355499436366,9.153773550011785,0,2,0,1,6,0
262.6730332272325,26.3056528449863,1,8,19,1,3,1
1908.331799381151,35.48140845994939,1,5,8,1,2,1
1214.3183957295057,5.433158462427717,1,3,21,0,6,1
461.14239697940815,28.40887975948229,1,6,14,1,5,1
1345.0428653896843,12.90248290669805,1,7,0,0,1,1
1238.1658397135022,48.15005107435523,0,5,11,0,2,1
719.5346224755168,24.228927771324244,0,4,2,1,5,0
231.5473964382599,40.31902823378039,1,5,10,1,4,1
1344.7885252076353,27.556304453597463,1,4,1,0,3,1
1043.0138633030676,2.266285389455476,1,7,15,1,2,1
1545.7751915126005,31.694253642141717,1,0,8,1,1,1
1042.7261847184268,47.57502677611218,1,6,14,0,4,1
1705.1020931354876,30.120429825301926,0,9,11,0,5,0
1106.0541433550986,40.97752408539683,0,9,0,0,3,0
1124.0712532130956,44.221902521085546,0,1,12,0,1,1
1753.9239373033984,11.48118062025173,0,8,13,1,5,1
809.948318093732,10.68103751142051,1,0,7,1,5,1
272.36038075902826,30.58795134366449,0,9,7,0,2,0
62.42143924511125,20.610320643354566,1,5,11,0,2,1
1511.49882506887,42.009079013049345,1,8,0,0,1,1
1242.517554950162,45.01115385756076,1,0,10,1,6,1
1409.639137357951,17.735726827205635,0,3,7,0,6,0
429.8635022102769,11.919840892826654,1,3,9,1,5,1
277.0610937956057,39.0482232106687,0,8,18,0,2,0
34.01660800742445,13.81282117385199,0,4,10,0,3,0
704.422179819161,41.14845449383255,1,4,6,0,3,0
1181.885785274993,21.244538857073266,1,5,10,1,5,1
787.526869973966,33.41073997464438,1,0,16,1,2,1
877.7624694373395,4.867212160349942,0,0,0,1,1,1
1808.796595515028,31.230580301360995,1,8,20,0,1,1
699.7696567114842,22.643207168987733,0,2,20,1,1,1
1030.4090308738225,29.37176231245616,1,3,7,1,3,1
1568.3877604185805,8.483908966468684,1,0,22,0,2,1
796.1028507309339,36.869999872714686,0,8,23,0,2,0
1246.0629669546076,43.15357416940711,0,7,5,1,3,1
1725.4155989497567,10.915316024529703,0,1,21,1,1,1
1899.293644196996,4.87615632045607,0,7,17,1,1,1
298.41159445343067,1.2795654437121862,0,6,5,1,5,0
1853.5423121971812,32.134377872118975,0,5,4,0,6,0
986.7720046936787,30.39399240083016,1,0,12,0,4,0
520.1975546564219,27.380200894432093,1,6,18,0,6,0
920.9758336953313,11.674160096187173,0,9,21,1,2,1
1960.1649876945266,19.60620919568518,1,6,7,1,2,1
987.7730975157748,29.764369125790036,0,8,8,0,2,0
660.8594625235788,24.888666257072554,1,0,16,0,6,0
1268.634704361868,49.390497458722876,1,1,2,1,4,1
484.09050946249516,6.9083436525809825,0,8,18,1,5,0
156.34733957678452,34.78771324697493,0,8,10,0,6,0
262.1150452117452,20.27550652840418,0,5,23,0,4,0
260.45144872075605,21.467160784788177,1,5,16,0,1,1
308.0458735570272,35.908128506343,0,3,20,1,1,1
281.96020943557323,34.652563951086044,1,3,18,1,2,1
1283.545115882413,49.563674085739194,0,4,1,1,3,1
367.8507683762939,6.506875043760848,1,2,7,1,2,1
694.6062302311071,5.2950715042699,1,0,18,1,3,1
1794.0928777624936,36.24450697472418,0,0,6,1,4,1
950.5534723244303,28.961507158619813,1,6,16,0,1,1
1336.7776883494491,13.780617261334312,1,0,5,0,6,1
348.77814304725155,4.063026512550431,0,0,18,1,3,0
388.6165925232982,4.374346654861883,1,2,23,0,4,0
86.53288945162534,44.7201246457395,0,9,5,1,1,1
342.02545082896825,9.67417950346527,0,3,1,0,6,0
560.7877263687575,16.236240949564486,0,3,5,1,3,0
358.1359161321099,11.4101544711267,0,1,22,0,2,0
181.96155484532594,17.814315661013673,1,0,4,0,2,1
245.66856284569863,3.564249753030059,1,2,18,1,2,1
924.2536422252879,26.00108356632269,1,3,19,1,4,1
416.63576821955604,3.473866923251524,0,2,3,0,2,0
731.7183727909105,40.03778974033584,1,7,21,0,5,0
1009.3174553554395,11.762232887330606,1,9,16,1,1,1
1382.3376831155838,27.046594538765078,0,0,10,0,4,0
83.42771898299237,44.015946469316766,0,1,3,1,6,0
1599.82374582354,32.57878071545499,1,6,12,1,2,1
1257.661277034361,26.694593548911634,0,3,19,0,1,1
168.10926873799946,16.284254280457244,0,7,16,1,3,0
1747.7893550930205,16.71679546160408,0,2,8,0,2,1
1842.1404390609673,33.50739906438969,0,5,3,0,1,1
126.85052991045318,49.70755412493626,1,8,22,1,5,1
557.3709080536714,33.12577557348399,0,0,13,0,3,0
1613.3715531871574,27.933392526764244,0,0,18,1,5,1
1497.7780823153985,36.55946046093838,0,7,2,1,6,1
373.11943361597275,23.313760052957537,0,2,13,1,1,1
422.6519000567371,3.1011028957791824,0,4,7,0,5,0
744.0918450688071,28.1586111123077,0,0,23,1,6,0
971.6233554560876,47.88550169681847,0,4,0,0,1,0
1238.4182692029403,8.847616823647215,0,5,9,1,1,1
740.9827109416959,34.53124405195122,1,7,17,1,5,1
927.7567586856301,10.126591064086918,0,2,15,1,1,1
1496.2045215768444,26.837801455206755,1,2,7,0,2,1
78.1829897667428,4.924154837371309,0,9,0,0,1,0
508.6117039663214,22.57350971928344,0,8,11,1,4,0
1428.1324238396821,37.83255011187278,0,3,7,1,6,1
1790.9376411859628,17.443819059525207,0,3,23,0,1,1
1025.796497020754,33.27909505191218,1,6,15,0,4,1
1066.5664031043048,39.792953043407486,0,1,17,0,1,1
218.80816262285322,46.36617319202469,0,7,3,1,1,1
897.587671812792,11.808639884587132,1,5,5,0,5,0
1067.5714465777712,20.025864198884477,1,2,11,1,2,1
488.72865475128566,7.705559065187829,0,8,8,0,6,0
542.140245744015,49.62492675770292,1,4,14,1,2,1
757.6819053937222,46.357348299422334,1,7,15,1,3,1
45.04203956656411,27.043860800999923,1,6,23,1,5,1
647.5479353384407,42.11746138938342,0,7,11,0,5,0
426.8387739581066,26.095803065874907,0,6,23,0,2,0
658.3572175949397,31.21692583133771,0,2,22,0,5,0
243.92545297940617,4.547309162589229,1,1,13,1,2,1
1781.6019250760905,37.78799398279072,0,6,12,1,5,1
1189.2169448403272,6.4729028333982175,1,2,1,0,1,1
1359.8091266932568,41.32077474960116,0,2,2,1,2,1
1579.39662102164,39.12320157475226,0,1,23,1,2,1
999.3921868634693,35.466360417374524,1,3,21,1,4,1
178.40597473441028,1.9044029881856295,0,7,9,0,5,0
1076.5275509280027,15.226104961671897,1,0,8,1,5,1
1175.748030451654,13.229317238551058,1,0,19,0,2,1
1492.1517509977384,18.070806732828803,0,4,7,0,1,1
866.1607947282104,4.473373063515543,1,4,9,0,1,1
259.5227040771497,46.854195369250036,0,0,18,0,6,0
571.1329320684554,27.734731811547576,0,5,2,0,1,0
729.3491813152771,15.345663101835374,1,0,23,1,5,1
1293.6048964565443,19.909377702006744,0,4,4,0,4,0
1143.7027178144792,22.4154067711913,1,8,2,0,2,1
715.4129681662033,30.069657234694805,0,4,15,0,3,0
1973.0979213419944,25.832403442055238,0,5,16,1,4,1
1213.52076461699,45.977659463399426,0,7,14,1,3,1
478.267449513309,24.89847779700093,0,0,2,1,4,0
208.05603287770546,49.6086849396833,0,1,11,1,1,1
309.95398267274237,42.58610539148028,1,8,8,0,5,0
495.6856681270937,10.504674666431056,1,2,20,0,3,0
325.55933965281355,46.53670121073142,1,5,11,1,4,1
377.201212982355,5.906683254485256,1,4,14,1,5,1
573.7648615442249,40.89074045371046,1,1,1,1,3,1
350.88032261303584,19.09310234448135,1,6,22,1,2,1
1794.0470221297182,43.91091859020897,0,3,17,0,4,0
165.0663225949762,43.416028836361775,0,0,19,1,2,1
1051.400222192658,40.31567746586929,1,3,11,1,1,1
823.7416698443748,39.52251877172236,1,5,22,1,2,1
1964.8453407326697,15.303489040992234,0,6,3,1,2,1
228.51760982526443,4.1378722242574835,0,6,22,1,6,0
798.7219200962546,20.208710920381556,0,6,15,1,4,0
1939.0935143843608,8.758873297826781,1,2,22,1,1,1
1731.6867161584905,34.77805933623284,1,5,15,0,2,1
1635.0587815438134,17.3703763542355,1,7,0,0,5,1
519.5161399546549,48.782949022909754,0,3,21,0,3,0
345.9207368431813,32.08450665953207,0,7,1,0,2,0
1338.94322374924,41.141780125354614,1,1,2,0,1,1
1859.1050983095336,6.712981169818236,1,9,20,0,2,1
1115.74197156279,43.11452266540387,0,8,19,1,3,1
1145.3673154924502,46.145583806618376,0,8,16,1,1,1
563.558291852267,24.4043897490649,0,7,19,0,4,0
1540.1384017179141,30.352021593773774,0,9,21,1,1,1
378.1522783722591,38.264009065059476,1,9,20,0,4,0
650.7400766264661,8.824447500294585,0,0,0,1,1,1
853.7456950397515,25.178047215525776,0,1,19,1,3,0
1017.6827054754878,19.993285085838426,0,5,5,1,3,1
488.6074161680851,7.40406220889623,1,9,14,1,1,1
234.09946535471104,18.439967672347418,1,4,13,1,2,1
1223.186984671057,3.501798238336129,0,8,19,1,3,1
580.8179537143103,1.3880141567794007,0,4,14,0,4,0
1164.5702517381114,6.844797828825655,0,1,13,0,4,0
312.9536169720336,48.15944406829978,1,9,20,1,5,1
964.8745032003609,27.521523841161347,1,3,23,0,6,0
1067.5159179404138,48.29452584154568,1,8,4,1,6,1
108.38795596074168,21.681644128673586,0,0,5,0,6,0
676.5255349968716,15.659625040954452,1,0,16,1,4,1
273.1572804932536,25.356478955728182,0,6,10,0,5,0
131.43306609317165,22.031633262782215,0,2,15,1,6,0
1979.9706636179408,5.372667744661021,0,9,11,0,6,0
648.0959207245724,32.07723310304129,1,1,14,1,1,1
1620.6995194799965,10.880305307229019,0,8,22,0,1,1
513.0081062537089,31.017438949401697,1,2,3,1,1,1
1364.597930836739,32.545034510667854,1,1,17,1,2,1
1521.6545804799246,7.68604017111954,0,7,20,1,6,1
1193.2992875126492,3.1613463928223413,0,9,2,0,2,1
945.794496157566,39.06000314481515,1,5,21,0,5,0
826.6226237238008,23.04404114608908,0,5,7,0,4,0
700.9921917532756,3.002373395723242,1,9,22,1,6,1
1859.4106427744125,49.74382922677138,0,6,2,0,4,0
1662.0857185365196,2.983249993718695,1,6,7,1,1,1
1930.2286867796927,34.7822579200418,1,5,17,0,6,1
252.97296085366173,49.185578370644336,1,3,9,0,3,0
1463.0806130312703,12.035087200374688,1,8,19,0,2,1
1876.9892113579706,7.198243497491089,0,5,16,0,2,1
366.559967000492,6.157108477179201,0,3,7,1,6,0
137.6600533967211,15.233429863623018,1,2,22,0,1,1
1483.5356953336677,5.142185969431269,1,3,10,0,2,1
1151.0738607939243,34.63885095053718,0,2,4,1,1,1
1684.4484096327528,3.2083607266901284,0,1,12,1,5,1
283.84589136944754,25.520164194674507,0,4,20,0,4,0
1591.5582871604809,49.83517300726354,0,1,22,0,3,0
407.24650349525035,40.71711644835034,0,5,4,1,4,0
331.4936060170805,30.799449967727444,0,2,23,1,4,0
332.7102668723309,15.382055677251921,1,5,12,1,5,1
1630.0765668616073,31.23240223095276,0,9,5,0,2,1
1332.0684552889193,26.399369049191417,0,8,4,0,3,0
1048.515522414393,21.361560856129536,1,0,8,0,2,1
720.8668158263874,6.622447799335953,0,5,15,1,6,0
1755.015078922151,44.34155034049929,0,8,1,1,4,1
787.9279893081576,22.544253976183995,0,3,0,1,6,0
1634.1158817457963,9.811663339856176,0,1,7,0,1,1
881.0741425975857,18.451191608776753,0,3,18,1,4,0
757.0041367026906,20.76507465119346,1,0,10,0,2,1
928.0461724108649,41.39414098878703,0,2,11,1,4,0
606.2488589574634,36.70735759001396,1,9,11,0,1,1
1496.4807134516209,38.48831419270286,1,8,6,0,5,1
1007.927178234496,0.650460094989496,0,9,12,1,6,1
468.2643268179005,20.8660845091701,1,4,7,0,6,0
1799.651273682764,24.11907316660265,0,5,21,1,2,1
770.8629866395568,1.0576946134705287,1,2,8,0,4,0
1089.3879579224072,13.064679116377206,1,4,6,1,2,1
1813.4118613742712,38.038462173794535,0,7,20,1,5,1
1250.3548018484141,6.941774315877052,0,5,23,0,4,0
238.21159121318632,26.811975559484324,0,3,14,1,4,0
1879.965086608883,10.838573413660152,0,1,1,0,2,1
1257.2775658774785,0.7048266547302743,0,8,22,1,2,1
673.1367012408869,12.135952734217119,1,0,19,1,1,1
282.84778496345757,48.796100370011686,1,0,11,1,5,1
1589.0802525942404,40.096701882961185,1,3,0,1,1,1
1242.0451480773845,47.98287455161957,1,6,22,0,6,1
1069.2548784927615,24.44391679192549,1,0,21,1,4,1
1788.3157031866606,5.575836314007424,1,8,7,1,2,1
1578.2514363929388,27.44317849978728,1,3,4,0,4,1
307.5913850668386,22.773428994542048,0,2,14,0,4,0
626.8855252521187,42.233418428706834,0,0,0,0,3,0
500.73583392985915,4.994320781133805,1,9,0,0,6,0
1489.1728536824905,24.463232737386733,1,3,9,0,3,1
71.89720729787987,7.587428368229814,0,8,21,0,4,0
1141.9299213182765,16.301328751813994,0,9,9,1,2,1
1526.1050780526775,36.8941181616512,0,5,20,0,4,0
1754.1474453396902,23.85330465550145,0,5,14,1,6,1
687.4530886882354,18.85682542877389,1,0,16,0,3,0
1643.4083228206657,19.784366300644763,0,9,21,1,2,1
225.71031522563842,23.026393743458733,1,1,5,1,4,1
1693.6723220103638,39.272325537469136,1,5,2,1,5,1
259.33988135230493,44.6150259781177,1,1,12,0,6,0
797.5881446679327,47.771200856546024,0,2,15,0,6,0
1595.6042547302095,39.36647897413923,0,3,7,0,5,0
304.0852675608037,15.838804097825834,1,4,14,0,4,0
462.3565334891198,34.437921833718455,1,8,16,1,6,1
1445.8938739441671,21.936395890364057,1,3,16,0,2,1
1441.4728904094184,12.808064040097953,0,8,21,1,4,1
1284.089527606168,42.05949181335354,1,9,12,1,4,1
1389.4271467118645,2.017474813220017,0,2,16,0,3,0
1087.7352644784544,45.09792340755764,1,7,5,0,6,1
507.33912251937073,23.127725484774235,1,0,16,0,6,0
694.6635070403192,31.896353692733193,1,8,15,1,5,1
367.2874450188442,33.00176071806856,0,8,13,0,3,0
1817.3588698605886,44.766375261256165,0,9,12,1,3,1
1168.8666305584104,31.869817140143645,1,1,5,0,6,1
804.6985764434615,30.735285879527083,0,3,2,1,4,0
926.7015782700447,3.425936823978429,1,7,13,0,3,0
1894.8302625255715,25.968560295065686,0,6,13,0,5,0
310.93604921658,7.593433140770378,0,0,14,1,3,0
1174.5285148735104,36.89794505920213,0,4,7,0,5,0
1014.2479143745096,25.659873848552458,1,6,14,0,3,1
1224.8511996921225,34.04336618249683,0,3,21,0,5,0
41.12981672257681,2.179477740058975,0,0,12,0,3,0
1744.8871983435822,4.33112160068558,1,8,16,0,3,1
1864.5759735548068,35.844537064327845,1,4,20,0,2,1
1132.4407012604718,3.697008366333801,1,1,23,0,5,1
1394.8183936344,3.655710715486404,1,7,2,1,5,1
1845.386265448705,0.7042129142208837,0,1,5,1,5,1
1415.9410754552302,47.82941977514406,0,2,4,0,1,1
309.31539061395137,36.901667137004445,0,9,21,0,3,0
1154.6952785327924,17.727245284253,0,0,16,0,5,0
1215.3965175337976,14.897125506253994,0,1,22,1,6,1
851.1406892482601,17.550191164317894,1,6,1,1,1,1
1474.206250071322,38.755211205940974,0,9,14,0,2,1
1869.0621944641846,33.102393492413675,0,1,4,1,5,1
1851.5091832490189,9.341258836586649,0,5,19,0,5,0
904.4245459512435,8.788055833170809,1,2,5,0,1,1
230.90990145230674,5.009942920698525,1,3,5,0,3,0
1969.7581919298575,33.04910571309677,0,7,17,0,6,0
1678.6016824596386,38.242195844864625,1,2,17,1,2,1
253.70204900051735,13.3258167734177,1,9,3,1,5,1
1842.0795558216578,1.1451535554425494,1,5,16,0,3,1
1740.443242313946,4.200366207073724,1,0,13,1,6,1
1040.0819239665138,48.39621573876702,1,6,13,1,6,1
1184.5944943111338,14.842694396123271,1,7,12,0,2,1
801.0103942209099,38.48423507712287,1,7,6,1,4,1
114.24946944995251,31.270712085827764,0,2,11,0,6,0
673.7184970835723,19.158788018679505,0,9,22,0,4,0
1606.6926299530328,10.363794383558199,1,0,14,0,6,1
14.240885894182703,6.15718226615438,0,8,18,0,2,0
670.3308475238326,30.789147105139445,0,5,10,1,1,1
799.346543713932,38.75422565382562,1,8,14,0,2,1
1077.1042278611562,32.23082225170242,0,6,11,1,2,1
1840.111954743457,26.562076449133002,1,0,2,0,1,1
695.9602587600926,2.1933660492386498,1,0,16,0,1,1
697.1716377829742,48.42759000195975,1,5,2,1,3,1
1476.314989978948,39.95583816356327,0,4,18,0,6,0
907.1747920751653,14.71181963137814,0,8,19,1,3,0
453.086621765264,49.000519435006645,0,1,3,1,1,1
907.6168346847234,30.133891322852474,0,7,2,0,4,0
286.00975565770074,29.1628906445416,1,4,15,0,4,0
356.8920380799155,37.428851653533656,1,1,11,0,2,1
999.2437066152621,40.60731242569786,0,9,7,0,5,0
840.7562717615731,32.858282505841984,1,5,23,0,2,1
1830.1175726308595,6.491977743673381,1,9,16,0,2,1
727.9758287376831,16.97954854912547,0,7,6,1,5,0
1163.2737588046966,46.41137365226988,1,3,10,1,6,1
1266.367254399463,11.30831903100821,0,1,17,0,1,1
31.123440893725604,18.671134489491916,1,4,0,1,4,1
1328.7570571733377,21.66063645891538,0,1,2,1,2,1
360.1817539051541,22.026308985753165,1,1,3,0,5,0
1922.335283351563,30.685685166476823,1,5,12,0,3,1
301.58214186746034,47.15948430346091,0,9,5,1,2,1
832.1751268354124,12.110566320441997,0,8,13,0,4,0
175.2725878168945,6.162918677415811,0,3,4,1,1,1
1993.764132432665,9.953777444010871,0,5,15,0,2,1
1006.8790456108289,44.357552520442546,1,6,14,1,2,1
1192.7931095534873,32.32595955149478,1,5,14,1,6,1
138.8175723899128,14.36674878303409,0,7,3,1,5,0
1501.1711384463597,40.815752254534004,1,3,7,1,3,1
423.7616582256936,43.08236281853546,0,0,15,0,3,0
1796.6183074342239,42.34106550064487,0,6,15,0,1,1
414.2535827616043,45.95443402861377,1,2,3,1,4,1
385.4220027240148,12.686826906650742,1,5,12,1,1,1
77.91658735694928,37.776592244439286,0,1,12,0,2,0
946.7735554944485,23.080920913979586,0,8,1,0,2,0
1131.8580608589198,42.11572778921407,0,0,2,1,3,1
136.08873565956299,36.451684790364496,1,5,21,1,4,1
1552.1775953065462,38.84472758033626,1,5,7,1,5,1
909.3112253223151,32.84247570028547,1,4,23,1,4,1
1051.158587308522,8.953695596538372,1,4,14,1,2,1
884.3216801417651,27.296843252957224,0,0,10,0,5,0
804.5223064462754,49.23502000227296,0,9,8,1,4,0
1121.4824609598948,46.875664518206236,0,4,6,0,4,0
314.70429063177147,2.2543694162708823,0,1,12,0,5,0
367.9466203380659,8.324259304898911,0,6,1,0,2,0
1724.262313921967,6.673265795382639,0,2,7,1,4,1
1892.5003469565972,36.32639750826625,1,3,6,0,5,1
749.7520859781072,40.90748795986156,1,2,23,0,6,0
545.1356229213898,10.754217178902527,0,2,11,0,6,0
1289.7790887618364,25.342049378296267,0,3,18,0,2,1
820.4246713407023,42.05108109775888,1,4,6,1,5,1
55.645779542388,36.6667970838359,1,0,9,1,6,1
316.52443174554975,27.15763655404323,1,3,15,0,5,0
1433.364596550558,29.558349753892767,1,7,2,0,4,1
1319.553264110752,25.467191291122372,0,9,9,1,2,1
59.056505044449565,14.947667720809147,0,6,5,1,6,0
447.83446305623414,28.294597443664905,0,8,17,1,4,0
465.9942191932024,34.475376572299524,0,4,17,0,1,0
1345.426023479463,43.6788135014543,0,9,4,1,1,1
44.32252281995649,31.85093856356448,1,3,20,0,2,1
212.6966210592248,38.07996469845359,0,7,6,0,6,0
1600.8325903195127,8.087574584233192,1,8,1,1,6,1
361.19660079839554,23.131717973547516,0,6,10,0,6,0
1307.22848516449,0.5656478293719555,0,6,12,1,5,1
480.1746481882194,12.409275339628987,0,4,22,0,4,0
203.38557855489358,36.35043958413894,0,3,4,1,6,0
490.1285210439109,49.591316572333234,0,9,5,0,4,0
1445.92252905204,5.048987169402073,1,0,23,0,2,1
1712.11445387204,20.134566361478285,1,9,13,1,6,1
1661.2886298111482,40.02354133808806,1,9,11,1,2,1
797.3811415888174,10.281378167982052,0,6,3,1,6,0
1337.8298474584392,27.798738970184083,0,0,22,1,1,1
413.9436693545628,36.680257671880774,1,0,5,0,3,0
589.8297218707214,30.837673967982933,0,4,9,1,2,1
1793.189957949634,9.482434257309265,0,8,17,1,6,1
30.93883740391839,17.8336899774184,1,5,14,0,3,0
175.5895190546638,39.21121004582132,0,2,7,1,2,1
419.7330790163245,27.75590305518763,1,2,8,1,5,1
57.93174672827033,0.3609577157913455,0,6,4,0,6,0
366.9636930041456,38.07343892540188,1,5,9,1,5,1
1168.167914134536,1.8620366115179297,0,8,19,1,1,1
845.7419784320334,37.312115758288485,0,5,5,1,6,0
1785.880063598565,10.203779952245347,1,4,15,1,1,1
1635.7999056681897,47.90786665795707,0,9,23,1,3,1
686.9256166372626,18.460243489974015,0,6,2,1,2,1
522.5497496954285,16.41388765527015,1,0,9,0,4,0
762.4863542936974,7.529513711588989,0,6,10,1,1,1
1182.6384103170415,15.349650352961723,1,2,10,0,4,1
539.7869634416381,43.84487301522721,0,8,16,0,4,0
1250.1770711590223,49.81708344759964,0,5,3,0,2,1
821.7762461215247,18.478645572291732,0,8,3,0,3,0
1106.3341257997006,22.485670484631676,0,4,16,1,2,1
875.0724256249567,36.131339816316576,1,6,8,1,6,1
592.4591902861257,44.32116944520722,0,3,18,1,1,1
1897.1643473895026,29.69291227592053,1,6,4,0,4,1
1528.3935593487229,19.637132339073684,0,0,21,1,2,1
284.5257856540728,20.689829858346325,0,6,23,1,2,1
1737.593611916336,34.81134551019066,0,7,5,1,2,1
977.4252405077797,0.2605913538535062,0,4,2,0,1,0
1789.6316926537124,31.01750793924605,1,1,21,0,3,1
1600.711235614894,17.839101221023736,1,4,0,1,2,1
853.3009414161207,39.73044683072651,1,5,19,0,1,1
49.82627009863421,4.7402329271742945,1,1,21,0,4,0
541.0113319729675,29.451293120724685,0,5,15,1,6,0
1085.5602582484296,24.100547205317575,1,5,22,0,5,1
1268.7890485531639,32.15204374267085,1,0,10,0,1,1
519.4859324392386,3.3361943647001207,0,0,12,1,5,0
283.0153677752841,29.04119099266375,0,9,9,0,2,0
1670.6858224146017,28.118080939180235,0,2,2,0,2,1
1968.8823505035864,28.076938711366928,0,9,8,0,1,1
1053.7519136938581,30.214034563163096,1,9,11,0,5,1
347.5001752673655,33.85575006759547,1,2,22,0,2,1
548.2531164061411,40.26895108407041,0,3,13,0,4,0
41.689399712196135,13.564053934397895,0,1,0,0,3,0
1829.0261190881954,41.269965567985096,0,8,17,0,3,0
239.91341036583157,24.962958544946336,1,9,16,1,2,1
1155.150368650936,3.945208128803125,1,6,8,1,5,1
551.7401652709759,3.021691369274562,0,6,8,1,6,0
1110.5851150190078,16.778492102933434,0,5,22,1,2,1
1304.5836747619692,39.26635915786223,1,2,9,0,6,1
1660.3348983958672,35.413278643571694,0,5,18,1,6,1
416.8104371624034,39.45188673715308,0,7,14,1,5,0
26.936678173668554,25.911725916436307,1,7,4,0,6,0
278.0868319872705,22.06592999797898,0,8,14,0,4,0
1800.5371904869696,7.457881082643569,1,0,19,0,5,1
1748.4107047372179,16.47681840510465,0,0,22,0,2,1
1196.839138829765,21.757566372076376,0,2,1,0,4,0
1203.0311365651385,4.521161441012899,1,2,12,1,1,1
1331.7481657197798,11.108536440289441,1,9,23,0,3,1
354.8657008537819,29.951442173780567,0,7,15,1,2,1
1829.2518321202947,36.80958940053557,1,9,14,1,2,1
840.4471971596859,49.917540818508186,0,0,9,0,2,0
769.3613638577474,46.66235523404353,0,1,13,1,4,0
1040.2408220392608,32.16400345680606,1,1,9,1,1,1
98.69710371623482,21.120277859374195,0,2,13,0,5,0
336.7353206683784,31.845250498940814,0,5,22,1,1,1
1477.377064770609,39.304015742203575,1,0,8,1,4,1
170.1833425106273,6.004975927077027,1,1,13,1,2,1
1208.2884583854445,20.554253995844785,0,0,2,0,3,0
494.4714738142353,42.0061340532173,1,4,19,0,2,1
781.6447500137432,19.2532643014589,1,6,15,0,5,0
580.9440048575462,28.63642633423661,1,7,1,1,6,1
714.5670693475736,29.429691107023693,1,9,9,0,3,0
1439.4965808425698,9.305365031368604,0,0,2,1,2,1
597.7578226682342,18.175548538449192,0,6,10,0,3,0
1134.9772573923099,16.792113308222415,0,4,10,1,6,1
954.7205523872038,1.4072157557500333,1,9,20,0,1,1
1329.023974898483,1.3071690181786269,1,0,20,0,4,1
1873.9753299528923,41.60168247942109,1,2,21,1,2,1
1466.4813339344494,13.72623341764334,1,6,12,0,5,1
433.8060552885597,25.952130435316892,1,9,6,1,1,1
67.21035444726292,15.006406122079774,1,0,22,0,2,1
528.2167683781511,47.03989433125549,1,6,16,0,1,1
1192.1804717470084,13.038908267402109,0,4,1,1,5,1
107.59449790107945,21.53987495567286,0,0,11,1,2,1
995.2506631664666,43.64923949918163,1,0,9,1,6,1
1195.701483589194,42.112484982911255,1,0,17,0,6,1
671.8165621798369,9.386460750529238,1,8,21,1,5,1
1542.9698464729147,40.15190115880595,0,2,10,0,3,0
217.66351500187474,22.963525648220845,0,4,15,1,5,0
154.8998745629385,24.200146717059226,1,9,16,1,3,1
1457.7365686261887,6.760650623555594,1,8,18,1,2,1
993.5051758313659,4.12201553648052,0,5,17,1,3,0
1378.3627808733333,36.424171417990884,0,8,2,1,2,1
872.4805405144738,24.873411502529457,0,7,20,1,2,1
496.5720563120181,21.89885006049746,0,7,15,0,4,0
1639.1091237600285,36.5024606097546,1,0,5,1,2,1
1599.8346785431136,38.29909365965638,0,8,11,0,3,0
1390.9194593545815,8.029517566700743,0,5,10,1,4,1
547.9295487737755,30.5502349589343,1,8,14,1,4,1
1182.5101804038288,6.854168705656507,0,2,14,1,2,1
725.1429243953535,37.59361679284938,0,2,15,0,5,0
187.70623628663512,32.882062297730265,0,5,9,0,5,0
1835.0405830471743,47.83506959206455,1,8,11,1,6,1
277.953168683328,3.5410050161854167,0,6,12,0,4,0
1900.7235208725008,2.9470305854475902,1,2,3,1,2,1
894.7815170511217,14.181135027190686,1,2,6,1,5,1
