timestamp,temperature,humidity,vibration,CO2_level,noise_db,light_lux
2024-01-01 00:00:00,25.993428306022466,51.5390088444603,0.23314406343337066,366.65626129188905,37.61768766675028,234.08516104224003
2024-01-01 01:00:00,24.72347139765763,41.449158036716874,0.2586736928742663,407.39514335296013,38.792998473649334,242.47124388406513
2024-01-01 02:00:00,26.295377076201383,43.25907288947143,0.20905107793518535,414.94665245490353,53.931348221428244,463.98496766287406
2024-01-01 03:00:00,28.04605971281605,53.71632047011357,0.13515840260220768,434.204471155638,64.57686586053552,300.0546255165986
2024-01-01 04:00:00,24.531693250553328,50.85432719063971,0.2199843975876321,447.4162205970512,32.52495157274765,362.57040012251673
2024-01-01 05:00:00,24.53172608610164,49.0800833182366,0.16743215531040856,369.54717424516394,55.002698238483696,236.72804946659573
2024-01-01 06:00:00,28.158425631014783,50.09216966532696,0.17356916591251217,375.67427466368986,54.73752143482579,237.6117643022689
2024-01-01 07:00:00,26.534869458305817,51.737908526808354,0.22931820093775468,362.2726642325615,73.88337778208448,386.55878473999536
2024-01-01 08:00:00,24.061051228130097,47.30120159845319,0.2619141535716818,392.97940422679056,56.149781882871366,192.03390307587742
2024-01-01 09:00:00,26.08512008717193,46.108476372988434,0.2010635788368031,413.99075123339003,63.829889847409284,266.7828985675783
2024-01-01 10:00:00,24.073164614375074,50.97922627548841,0.2154416506299482,429.62003549767303,61.41257140087463,302.72219288577855
2024-01-01 11:00:00,24.068540492859487,45.10813611192484,0.2851107472317619,397.7214692907243,38.694335201928,308.9098081472042
2024-01-01 12:00:00,25.48392454313207,52.04126377857236,0.21203765897442842,390.40457430235466,67.68207216631737,285.6725371987075
2024-01-01 13:00:00,21.173439510684403,41.4870819788108,0.3300841557090197,404.5527397674622,62.15396505456288,331.6655824876739
2024-01-01 14:00:00,21.550164334973935,55.14577818662822,0.22827548228157724,374.9457129510993,65.0826863967459,355.4284604654249
2024-01-01 15:00:00,23.875424941518055,52.362987412065216,0.11196186204220912,462.6861616508432,99.26237706436326,358.7710036367464
2024-01-01 16:00:00,22.974337759331153,51.28014867156938,0.23766708105522663,351.77016918645825,39.158870605014116,221.13569530657387
2024-01-01 17:00:00,25.628494665190548,54.91345491972757,0.2190579192441389,405.54221736687174,77.24696649761108,277.2675921656962
2024-01-01 18:00:00,23.183951848957577,58.32737222231288,0.2644876377041373,460.7081865768892,57.12552480599644,395.58102895015503
2024-01-01 19:00:00,22.175392597329417,55.07185032509065,0.23365906756349794,400.20399533679995,62.873289044030095,371.5717750059098
2024-01-01 20:00:00,27.931297537843108,40.795628843341774,0.1930772008008113,394.2988289499552,59.54487754698758,190.1712438815149
2024-01-01 21:00:00,24.54844739902693,43.60211516632149,0.13878508818553173,389.2766373156872,55.757636666019565,328.1183920281761
2024-01-01 22:00:00,25.13505640937585,46.875907111521606,0.18954883713569876,394.58824954712776,54.30167071761241,141.74198005001517
2024-01-01 23:00:00,22.150503627573087,50.130455251054165,0.157473977289535,441.1854542402959,63.29508735573009,303.75479216482955
2024-01-02 00:00:00,23.911234550949636,52.58829510234561,0.17097382750976386,333.64414266011477,44.82826303328321,451.82136133967816
2024-01-02 01:00:00,25.22184517941973,46.37128093423267,0.2294289202210305,446.0030110388898,67.50579167521765,224.16858261848108
2024-01-02 02:00:00,22.698012845155393,50.93383382238539,0.2834952252175703,357.28128542649563,55.83805595114746,233.25415636067345
2024-01-02 03:00:00,25.751396036691343,46.22308533823339,0.21973357649114905,392.00043012296754,48.69930660959642,361.12238252582875
2024-01-02 04:00:00,23.79872262016239,46.94241098504026,0.14020584689824078,387.1226673910401,55.49987142004186,176.57587878322832
2024-01-02 05:00:00,24.416612500413446,42.96669451575889,0.22223013341100706,417.6565980931216,72.57149216862572,249.37959760919688
2024-01-02 06:00:00,23.796586775541208,45.38383376944548,0.25983157433228254,352.05626944348757,54.64664912983777,347.7152910065402
2024-01-02 07:00:00,28.704556369017876,43.241576971918334,0.16951085478403088,413.8651799824583,63.5845361820962,249.25713218484776
2024-01-02 08:00:00,24.97300555052413,45.12063373511334,0.19329914166635412,460.72928869860556,52.69043724284526,281.1224010231223
2024-01-02 09:00:00,22.8845781420882,55.2682089830392,0.20073440973645987,359.1047798622157,67.57921849923619,359.5348568252028
2024-01-02 10:00:00,26.645089824206377,45.25300555584028,0.160755084345888,405.69118502831185,66.85507738790204,333.7236866829249
2024-01-02 11:00:00,22.558312700057954,63.161910324186955,0.23241402169219297,380.14053466610176,78.48608833296412,321.34547170363214
2024-01-02 12:00:00,25.41772719000951,52.466589504404446,0.19395259256961092,412.77661618579106,58.244360545007844,272.8702176583969
2024-01-02 13:00:00,21.08065975224045,50.92418061847437,0.2209766221953514,400.57443332247254,66.68654804757907,329.60488922151643
2024-01-02 14:00:00,22.34362790220314,45.70821109909393,0.155625391109895,380.7553927286707,60.98067539538945,290.1013855920195
2024-01-02 15:00:00,25.393722471738247,53.501549397044954,0.17812708498382948,414.63616854613224,72.95871781863015,336.6244487940628
2024-01-02 16:00:00,26.47693315999082,47.12181086881113,0.2361190678913886,454.1304432936023,52.8116761239127,260.24543799056175
2024-01-02 17:00:00,25.34273656237994,50.610049073226804,0.18135834239541165,394.27288624818107,67.45005312877281,285.39448204963674
2024-01-02 18:00:00,24.768703435223518,62.800422691343975,0.28634819256167027,421.5927382644455,58.053027038833186,220.80337659583887
2024-01-02 19:00:00,24.397792608821423,49.519700501376754,0.1800181907192699,361.20181126386507,59.358118228915025,297.1993911995011
2024-01-02 20:00:00,22.042956019265144,55.74636663142838,0.2112342362875943,371.30690869545975,60.91752484448373,235.1199309096924
2024-01-02 21:00:00,23.560311583210584,46.48411787437056,0.24662954159365452,414.1721883364113,62.52240396426677,210.87628398704055
2024-01-02 22:00:00,24.078722458080424,49.82505754751519,0.12908171335334842,444.52348085607895,58.83770956878042,320.6928918284311
2024-01-02 23:00:00,27.11424445243783,58.85400317817755,0.11195955940096121,410.6684004635698,62.147131831705266,317.01918206861285
2024-01-03 00:00:00,25.687236579136922,46.86516471106116,0.12371718427149526,390.60825908430536,75.78118057562185,362.6298987958858
2024-01-03 01:00:00,21.47391968927453,59.062242789984644,0.2631292051713591,399.9787421627006,69.85449685615218,265.5099544339921
2024-01-03 02:00:00,25.64816793878959,53.538759677277376,0.17240709270537768,362.4877679809085,68.69154592496896,332.6442277469405
2024-01-03 03:00:00,24.229835439167367,47.18766612052866,0.3279099642834126,418.135459790661,55.444604739761296,344.06380578189305
2024-01-03 04:00:00,23.646155999388082,53.1620386952776,0.17178762006713058,426.46999186970226,51.10759171771676,335.5819046265276
2024-01-03 05:00:00,26.223352577681737,54.86277224813365,0.20922756515985186,386.4372900150076,69.55300558237752,233.94770537582863
2024-01-03 06:00:00,27.0619990449919,53.10904981108598,0.2771054976283938,385.89873556721494,68.76046792529795,311.9490785816951
2024-01-03 07:00:00,26.862560238232398,42.14887640054772,0.3003046444079562,407.97634688956146,74.72670675750982,329.1312236843729
2024-01-03 08:00:00,23.321564953554724,46.364314120875655,0.3030751788318199,386.89840791878214,53.9601937403077,300.57427735263536
2024-01-03 09:00:00,24.381575248297573,48.762406822242475,0.2604183115296571,398.01602156122533,57.70451344639653,133.08178733031323
2024-01-03 10:00:00,25.662526862807127,49.62783285449977,0.2512031262905731,462.99165367499546,43.605158374745656,312.8391699178784
2024-01-03 11:00:00,26.95109025424472,53.10336048775339,0.22962634746005917,392.5892289776201,56.07528893939127,477.00248315177936
2024-01-03 12:00:00,24.04165152430942,50.88850500466627,0.2389180538083319,389.2497954393633,69.96570510579447,271.19685849944136
2024-01-03 13:00:00,24.628682046672367,43.323278206449494,0.17244071418357335,380.5737458309452,55.33504620771802,241.75383217157432
2024-01-03 14:00:00,22.787330051987944,51.90098925502981,0.15909005582888464,422.3257591449981,66.40479795200824,329.86788477691186
2024-01-03 15:00:00,22.60758675183866,53.05292872641912,0.1998312771294524,394.5632748034569,58.094968940021886,324.9902568373257
2024-01-03 16:00:00,26.625051644788396,52.7989522396552,0.1914907688737536,380.51880885035723,63.24057028221561,395.41881323331313
2024-01-03 17:00:00,27.712480057141647,55.40390362777311,0.17733859753363626,439.63912096819035,48.523086101843326,199.37054752728898
2024-01-03 18:00:00,24.855979756839332,54.16961077274452,0.2348193723728358,442.5880901354091,60.852094496339014,358.51042020599937
2024-01-03 19:00:00,27.007065795784047,52.29590039614219,0.24776526042852554,381.98729302783886,30.088640290992767,347.2337649001171
2024-01-03 20:00:00,25.723272050095268,49.649171442706766,0.20442034431459238,344.0038014591815,58.13103841838015,288.6282770447563
2024-01-03 21:00:00,23.70976049078975,41.69519533242004,0.2738765040527631,430.22541069510766,43.6952675628486,327.0949854337352
2024-01-03 22:00:00,25.722791211016826,52.14809109566293,0.14291554429332476,379.4611052271999,72.05994516546816,382.3565985278686
2024-01-03 23:00:00,28.07607313293194,51.03843843581556,0.1903170270360141,423.71876797488306,67.77407352764511,369.78523040227606
2024-01-04 00:00:00,24.928347921780098,51.35789418597687,0.16415888396985975,340.89688546864494,64.66670981966081,208.5584550341017
2024-01-04 01:00:00,28.129287311628012,43.61625712089845,0.106673169146347,426.77792014897926,75.2100622715938,365.61265494043874
2024-01-04 02:00:00,19.76050979182051,44.59471729795869,0.19586596570786505,363.66484212157656,50.51083479175163,294.8249115973985
2024-01-04 03:00:00,26.643805008750448,55.26576426666452,0.19391262458083583,421.92292357199574,77.47363197915558,305.8299278412412
2024-01-04 04:00:00,25.17409413647634,49.802224230716725,0.27567248716210657,400.42819203509305,69.32191564260384,305.85575928013554
2024-01-04 05:00:00,24.401985299068265,53.40750348686312,0.23154058422773888,371.38181741810064,57.63444712781054,287.9805608961392
2024-01-04 06:00:00,25.183521553071003,50.14159188065231,0.14879065878353975,387.78891061219656,71.35620147182944,395.3365997685652
2024-01-04 07:00:00,21.024862170798215,50.14878069747873,0.2927046283167094,420.58955370870103,48.93706487588366,293.30256321206303
2024-01-04 08:00:00,24.560656224324976,54.69141902987999,0.26105168477626767,403.17683359345705,51.75485838472326,210.4363097293465
2024-01-04 09:00:00,25.714225143023494,47.41977635891313,0.2291048851734308,417.53238941417453,53.914102767603,268.5176115224217
2024-01-04 10:00:00,27.955788089483033,50.48060388470492,0.18867579505750842,459.2932175354646,54.71022291935985,314.295577344838
2024-01-04 11:00:00,23.963459563452705,47.68862355647479,0.152028038163826,353.0727516486685,49.43442357239747,398.33718274376406
2024-01-04 12:00:00,23.383012794213624,47.827518862838424,0.18138966119644737,448.51637724905873,72.23083067095325,348.2475747959067
2024-01-04 13:00:00,23.996485912830927,48.454139382656805,0.2544374309852093,403.13067812569636,57.41145599630168,231.95717770023649
2024-01-04 14:00:00,26.83080423540415,51.110668858168566,0.29422931529673046,373.03647855030613,63.525049683568795,498.8151933343113
2024-01-04 15:00:00,25.65750221931937,47.60625689168261,0.27716217641360946,360.0905912278303,54.29648633586319,321.1820248782384
2024-01-04 16:00:00,23.940479592465923,56.278780627867604,0.1755575289106863,394.326388276689,41.79396699451483,402.03125903992117
2024-01-04 17:00:00,26.02653486622671,45.52696348890248,0.14401912833554945,427.6495033577338,62.70057358391422,287.86284531382165
2024-01-04 18:00:00,25.19415509869608,49.06564177919321,0.2070443123455602,396.17352638867396,40.87745024580223,342.66873957643594
2024-01-04 19:00:00,26.937289981065778,47.801344708629124,0.11157803172185743,445.33464790742045,59.31365953914531,367.1574803614724
2024-01-04 20:00:00,23.595893812245293,57.23488942176866,0.2161583857092391,356.4647292984532,46.3168496116719,397.4555769403405
2024-01-04 21:00:00,24.344675706804463,50.98277388255787,0.19261987068506659,399.63733156461836,79.87275999230808,384.589464430258
2024-01-04 22:00:00,24.215783693735684,55.159222697343175,0.1766981749065879,362.4281966676064,69.11362722174722,369.7757600058382
2024-01-04 23:00:00,22.072970103735763,42.57219813481514,0.12026484663666023,410.908956478749,61.05753791271481,274.7930615044713
2024-01-05 00:00:00,25.59224055412915,51.33525132934629,0.22568000532848584,426.606621702919,72.63706677654669,254.2603166435151
2024-01-05 01:00:00,25.52211054435978,54.44815397811718,0.17336495801690444,387.3771461895684,51.536840225342644,326.6086008259358
2024-01-05 02:00:00,25.01022691328492,50.41141994637712,0.14150415821448561,321.873584301186,65.43479378670094,374.65024578728554
2024-01-05 03:00:00,24.530825733249706,55.32740187532676,0.05638688933591754,405.96844440389486,61.99810433718714,282.18234393787145
2024-01-05 04:00:00,22.169258515899173,47.41355774949814,0.1986242547474682,413.1021565520053,62.6402008133367,385.2137572571509
2024-01-05 05:00:00,24.15870935446928,57.0467372009279,0.2886125798334872,412.12884264885093,72.72353500106767,416.20933963889433
2024-01-05 06:00:00,24.314570966946462,61.49449061809625,0.2830629607273935,437.07346575466465,67.32492102779803,226.69432647412643
2024-01-05 07:00:00,23.39544546155676,48.18580719780171,0.17714518717068642,367.86838961052854,62.887236628250236,233.0463436962976
2024-01-05 08:00:00,24.67742857666798,47.77248739299614,0.16988939698191097,420.4064831635135,43.45112563771704,288.76999528757307
2024-01-05 09:00:00,25.80810171362908,57.2669223855885,0.22343871280375122,435.77522537433924,50.399537047205364,324.6090134551357
2024-01-05 10:00:00,28.77237180242106,57.89786072865356,0.15008072804058542,346.6423724798045,58.77291066404276,258.03463889863593
2024-01-05 11:00:00,25.349155625663677,47.38569986423366,0.2150895949909733,409.58955477756933,60.93372374276651,408.1762143093715
2024-01-05 12:00:00,25.51510078144553,47.89906591452071,0.23830401391923453,384.87460506976987,48.69796275326076,333.9253489214761
2024-01-05 13:00:00,24.851108168467665,48.59107695569747,0.2613466611942154,397.5543198069506,84.11676675578421,303.15576385925914
2024-01-05 14:00:00,21.162457569401916,43.27774744482861,0.19499229617600236,410.43029450615006,75.16394055253573,185.12723809051778
2024-01-05 15:00:00,24.946972249101567,45.40674026757901,0.18981631249115172,385.38314307659346,66.02118320392483,194.73473468579942
2024-01-05 16:00:00,25.120460419882054,44.97929616623966,0.15610087066217196,379.7287576251517,60.72036861283745,322.4807400225445
2024-01-05 17:00:00,29.926484224970572,46.16101217447936,0.158655982298007,401.02457252464075,57.87791030098848,129.3923499076131
2024-01-05 18:00:00,24.615278070437753,49.82657556306609,0.18867605540492366,367.3826218341159,50.48081539977764,381.0109927715257
2024-01-05 19:00:00,25.603094684667226,51.1710736626826,0.2183682753408089,367.42524613344443,60.774805185188626,287.34769245021437
2024-01-05 20:00:00,24.930576460589513,57.75250246407038,0.24567923131166247,420.3811984886951,62.57752540142751,559.4474375675786
2024-01-05 21:00:00,22.662643924760935,45.00822979630605,0.15984105246598276,365.5361789452403,47.58239424518376,484.63330004928883
2024-01-05 22:00:00,27.285645629030043,54.92161199238292,0.2746344284479761,419.98937502727637,63.341764172448976,285.48407446019866
2024-01-05 23:00:00,26.503866065373547,48.93005577887246,0.18644381994787157,413.87773878561853,58.44740951175251,291.4930397974948
2024-01-06 00:00:00,26.582063894086094,49.752681451737836,0.1989316352825782,348.2257981362821,40.921924421226095,379.6465211201624
2024-01-06 01:00:00,23.18122509041052,53.37409746083302,0.16263941604260884,379.67306042993033,51.39614989220498,436.253808793443
2024-01-06 02:00:00,27.805588621872197,44.386389892188504,0.07878798698635292,435.82328209142116,55.863944665783556,168.95767540511866
2024-01-06 03:00:00,22.19629787441544,51.912048730920255,0.2442022698180525,370.5650340658095,78.8768765734019,157.08996277162507
2024-01-06 04:00:00,26.17371418760054,50.83226104106528,0.23684219485462168,386.06787213071834,65.56553124533758,250.23721555564947
2024-01-06 05:00:00,29.380911251619956,52.462256320040744,0.18593362214408934,413.8618267975569,46.64518430900109,346.61900665390914
2024-01-06 06:00:00,23.01892734973862,51.44584321953909,0.2033495358612436,423.5017152784779,64.86036289417638,339.7498872406078
2024-01-06 07:00:00,23.867404540794457,62.276500699554475,0.22579696088520498,392.4538334186651,44.52696011061634,385.581716398708
2024-01-06 08:00:00,25.199302730175283,46.81130007874342,0.12187270715567287,382.0746941592507,70.82691053887073,204.02419773077534
2024-01-06 09:00:00,23.9930486917676,47.34501522499091,0.17354736613268526,442.6710958509552,55.28875348182122,114.70849096248986
2024-01-06 10:00:00,21.898673137867736,46.88429736787618,0.23971323398109137,452.16698991392735,59.06363811260829,368.6411356241716
2024-01-06 11:00:00,25.137125949612056,47.22261440419873,0.13728552884153755,429.36574152345383,73.2579664754219,233.74429816278123
2024-01-06 12:00:00,22.87539257254779,46.81306436346741,0.21467789660833148,402.5595442769507,47.1283643141575,138.52097084890897
2024-01-06 13:00:00,25.94718486127036,55.94508265553776,0.13217090976882975,375.7520283507722,46.02881814887009,311.6050996767505
2024-01-06 14:00:00,23.161151531532393,57.102521239949276,0.22332149912167631,375.08666780330304,54.16400673653995,363.4540550574942
2024-01-06 15:00:00,28.09986881003508,47.146268531252616,0.19821792588512582,415.6754231579727,70.38378851019317,290.2354294302978
2024-01-06 16:00:00,23.433493415327526,45.838222134478855,0.11924340920472454,412.55194662666054,44.806539245231576,263.37212910540086
2024-01-06 17:00:00,24.35587696758865,52.35707778193202,0.2582369677228586,442.04795778839286,31.67844401889431,287.2510214283275
2024-01-06 18:00:00,26.62703443473934,47.23888477859514,0.16327042116009755,419.5135027760842,55.488411415910015,270.35337900793735
2024-01-06 19:00:00,22.53827136713209,53.164659088777555,0.15948737814928096,354.90759094720545,65.51740799910921,192.15623104478664
2024-01-06 20:00:00,25.454919869208258,51.0146151042565,0.21002845986154717,431.5584285316876,72.00261749738829,242.82554584076547
2024-01-06 21:00:00,27.614285508564855,42.42127942501384,0.25743186747143576,370.0581811805676,55.36838637914601,341.70239240110516
2024-01-06 22:00:00,21.785033530877545,57.737526006650306,0.14920890905108017,388.48086184142943,55.885733928839976,325.73428331012
2024-01-06 23:00:00,25.36926771706461,58.97938836547761,0.20308399249239859,407.50600618755084,71.53900734255747,313.4447844773456
2024-01-07 00:00:00,25.519765588496846,46.93605654757807,0.22144082501652868,459.8700246935189,41.3025830030458,220.38812145172966
2024-01-07 01:00:00,26.56364574355462,48.06149220032008,0.23465528036315722,493.2975566801608,56.114792248169906,285.4797470291466
2024-01-07 02:00:00,22.526098578243836,51.429326953624525,0.20882207776386127,418.2016917740855,61.90423889925058,125.83479628457161
2024-01-07 03:00:00,22.359086773831446,51.67228394993513,0.18164860804583388,394.5041014383884,64.49218721285034,314.27813311083116
2024-01-07 04:00:00,26.043883131233795,53.29272136336415,0.15862048896756403,416.0351694544165,54.901933068091175,414.3086166250854
2024-01-07 05:00:00,25.593969346466373,60.05102269383175,0.20430719415231874,426.62966277621507,60.344410117058416,182.06942943663154
2024-01-07 06:00:00,25.500985700691754,49.11526386252975,0.14639304940071968,390.37997123328427,35.1167264658701,253.12578613457958
2024-01-07 07:00:00,25.69289641899395,46.00851377730773,0.05393247582526964,453.85634067736964,53.41751587666152,326.3285422968104
2024-01-07 08:00:00,23.63995055684302,43.10340385992736,0.2218279902078834,406.90212277574204,64.53508712554468,400.2274107541987
2024-01-07 09:00:00,25.464507394322005,46.34534980029041,0.24519674205430977,414.9322926727418,50.177059657453206,264.14203069598807
2024-01-07 10:00:00,25.58614494659736,49.83436513563102,0.08185337822290809,419.97772756163386,60.58984221589597,244.6199736587283
2024-01-07 11:00:00,23.571297163947264,58.97278931758894,0.14951346476450314,412.64759831843367,64.46872500802698,142.48614860671336
2024-01-07 12:00:00,28.731549022289514,47.41194350481914,0.23095771305025992,425.1682150140884,56.57450799142235,308.2750503446485
2024-01-07 13:00:00,25.947665841823575,51.11893975819449,0.30287477348558495,381.4824044035923,61.70463770996571,463.36608321149953
2024-01-07 14:00:00,22.617393005594703,49.917885519636236,0.2010396853837704,383.2509473816191,50.372674347153875,322.1886769571741
2024-01-07 15:00:00,26.31310721726766,55.94196636724042,0.1635998529385433,366.99537301084916,57.93388720303953,298.21768166530296
2024-01-07 16:00:00,23.050636659545358,62.63466212936811,0.190855177944758,413.1850369186068,66.10216169589222,325.76658486135887
2024-01-07 17:00:00,26.574169207484903,47.3456561353984,0.26874382095740923,423.3680951053634,61.569729609684344,299.11263968411185
2024-01-07 18:00:00,27.317191158014808,47.552802787408886,0.16770179104377325,413.7331859845566,54.13468730436065,234.95885021918963
2024-01-07 19:00:00,23.358635363296578,55.22080438534536,0.16004039966748734,450.2347730004261,62.24216404290793,365.86239325421644
2024-01-07 20:00:00,26.926752258488644,53.409457448131555,0.17586282389089838,399.8321194351286,67.14609790636618,318.0609218489403
2024-01-07 21:00:00,25.825561853872998,59.23353662868017,0.1523335695870644,420.0622496677754,39.50058721422522,301.4090601546926
2024-01-07 22:00:00,26.64412031998898,52.91964092662982,0.2061335157997398,367.24897371582057,71.59074064955898,221.97071781774002
2024-01-07 23:00:00,28.793585965307894,48.203539546064704,0.28123392292347804,388.387008925768,56.63745261318928,404.2806345547807
2024-01-08 00:00:00,24.50922376799426,52.95327415346155,0.21615396365580147,420.8661327269733,64.2548993324023,353.1762196266488
2024-01-08 01:00:00,23.49252767128502,55.54351790291454,0.18738232489368564,425.4730633222943,71.97246923645228,255.76633301061582
2024-01-08 02:00:00,23.220971140748954,54.10241090598682,0.18540943655422282,391.1809915700745,46.28326302769534,380.14598829455497
2024-01-08 03:00:00,23.368379430069123,52.53637015553649,0.12184045956516715,397.852022444258,52.90558997572453,260.1943329291834
2024-01-08 04:00:00,24.845796581171793,55.33337344794577,0.24415548885735797,354.4637875995757,57.11451304124295,237.43972059911704
2024-01-08 05:00:00,25.682303949633287,55.84647795222836,0.1961081401493599,389.2891239758017,52.16246478875571,239.22375060157702
2024-01-08 06:00:00,25.55338159866004,56.91079495518763,0.19097600432046874,426.7114949055936,77.34936575836808,158.3145157529527
2024-01-08 07:00:00,26.654366498072047,53.24354943794821,0.35965537839224304,417.25615048319696,51.432279061732075,337.7233904334565
2024-01-08 08:00:00,25.026003783755815,49.16440959841573,0.21493764541828433,415.0199716414363,54.44453220513133,153.508409732932
2024-01-08 09:00:00,27.907068154314633,50.733568432166614,0.1624104474952408,401.4932106154288,62.04389031602977,201.72449349873898
2024-01-08 10:00:00,24.47068633352409,56.03254483254179,0.17868212018972285,400.2118947588453,47.97850473923911,133.95295927371734
2024-01-08 11:00:00,30.440338333179238,45.91532164506382,0.25742228545983775,380.1903658157966,56.04319288243736,293.11442457672854
2024-01-08 12:00:00,26.251334695530012,51.84336654436451,0.20566352052688824,420.964852606076,63.17453261250175,287.97436317825026
2024-01-08 13:00:00,23.285684887167434,48.0333059383632,0.12808610108413165,412.6291883316817,56.67139595617489,273.86430294509086
2024-01-08 14:00:00,22.858215003877774,50.143724114674086,0.2459614467287602,414.760565439784,59.06613141100052,216.5937844263539
2024-01-08 15:00:00,25.96494483048637,56.39225931303649,0.1665927957230503,384.2189547199726,54.70667887551629,206.2212997250688
2024-01-08 16:00:00,24.5530744293483,50.95549534009952,0.29366488881087727,335.3997124038627,44.85529690819233,337.1495890837259
2024-01-08 17:00:00,26.428000988184184,50.23218274078074,0.2540024032857324,432.91458135261087,63.215932113392384,255.955845463321
2024-01-08 18:00:00,25.94647524914709,43.200719295100406,0.17763390521706246,385.6348763197479,77.54933071647241,325.3086657228916
2024-01-08 19:00:00,24.854342174686256,53.731267830136105,0.2640508180867557,374.1167270787064,60.18401630783438,229.1801051100622
2024-01-08 20:00:00,23.30641256386319,53.22742090570538,0.20339277552637017,420.80436735741984,62.25264117247549,314.4850194216866
2024-01-08 21:00:00,21.97030555062827,60.8162736165273,0.24263868375611097,388.2396208024261,66.9272275511686,404.26224298528507
2024-01-08 22:00:00,24.106970095865957,48.461108825234994,0.22423664086472375,431.79809152139865,47.30669503453301,346.8932640314227
2024-01-08 23:00:00,26.712797588646943,51.0957516383197,0.15768216725045633,418.51017848730095,77.02514658129606,267.00689454268155
2024-01-09 00:00:00,25.42818748826041,51.246918418553776,0.1678225083841269,420.50707969601433,62.02328796422802,320.5759176284742
2024-01-09 01:00:00,22.508522442576023,57.887266398817374,0.2514980408790581,359.021328663984,76.3185689908911,280.746786037583
2024-01-09 02:00:00,25.346361851702365,49.52352233806524,0.18326123339467296,436.358319561592,52.66967004476011,300.63041477557823
2024-01-09 03:00:00,25.770634759457675,51.3951076288517,0.17981757683790017,407.83751593701567,78.18061922557825,273.9511158281197
2024-01-09 04:00:00,23.232285127597734,53.0394825485827,0.15224387103253237,388.9216858226139,67.75155494034783,286.8531835291687
2024-01-09 05:00:00,25.307450211891055,50.93304561578179,0.22117995327967307,404.3016540202675,65.53040085852358,316.967468245934
2024-01-09 06:00:00,25.116417436892,47.76783192724736,0.30312624596215726,346.7129430130504,62.34024454353148,220.53130403344394
2024-01-09 07:00:00,22.714059404338755,50.970449964491536,0.14662335428728637,412.25958434442015,57.514713819255505,218.72969384080173
2024-01-09 08:00:00,25.715574720696566,55.36815874929886,0.20121097283363792,369.11885475453784,72.00531658473872,188.9165956935031
2024-01-09 09:00:00,26.12156905273647,44.867423502944696,0.2706110277707715,359.41989142469396,61.40359869848047,171.9783116397032
2024-01-09 10:00:00,27.166102486350553,50.66484837073438,0.19601793043771426,354.3292244134633,40.32930296412847,202.61738462236167
2024-01-09 11:00:00,27.107604104069807,46.499395925304135,0.22261858981248672,433.38065124969773,48.82813538292997,312.7570005443303
2024-01-09 12:00:00,22.244661264085817,55.97523314462421,0.14688032359265601,381.12209818921633,58.14154247807253,228.57699876064927
2024-01-09 13:00:00,23.124349920169756,42.384065476081126,0.22141535486038244,446.01183129749495,63.09998983165555,341.0891571384877
2024-01-09 14:00:00,26.03007053441732,47.20539076364206,0.19064278674977259,383.9259561084311,59.43411511100104,302.777099900205
2024-01-09 15:00:00,26.027571901824416,51.8860593753226,0.24928649978399317,348.7792612722116,72.18970789793663,142.5196629249557
2024-01-09 16:00:00,26.030095372612095,57.827620146171704,0.2593693025782376,366.5042668015402,40.48898135961375,352.39804673773517
2024-01-09 17:00:00,32.705462981309445,49.67124869463506,0.3294781821009307,437.07434860020817,61.435879365051605,364.8638916473368
2024-01-09 18:00:00,26.141781021386333,47.22400236653401,0.2289816586606788,395.32305466189996,41.82020774612845,220.49098601321174
2024-01-09 19:00:00,27.271131280361196,59.40578534720295,0.21628981582910833,383.55138110528196,67.59712295484168,333.61532343159934
2024-01-09 20:00:00,26.908003526986406,42.75993049791878,0.20971921507886682,404.80054677558365,59.05541285557997,231.48014100726408
2024-01-09 21:00:00,26.302782502611596,39.00597021689959,0.1823416853594656,415.05348208502636,64.19609972024118,307.81363013986686
2024-01-09 22:00:00,24.369461510719308,52.200072250266665,0.21692419217308456,433.5219644770738,51.36117039410234,198.84012744360274
2024-01-09 23:00:00,26.517938440986534,47.489728878236946,0.18522992949304853,443.4549768967878,72.7946493165775,156.55148379723386
2024-01-10 00:00:00,23.454349570924855,44.89383591434643,0.20842304881348073,389.2069406263274,70.41724664058852,269.3746248309625
2024-01-10 01:00:00,24.526362786519982,53.541782236496765,0.265879876780398,360.21856941753884,65.83544303011888,290.1016842980131
2024-01-10 02:00:00,24.02927290434179,51.219003568855996,0.14967287173601795,387.59604516630174,58.704827531365595,268.1856245108317
2024-01-10 03:00:00,25.163748278772644,47.17960684631636,0.25699392805645227,407.80841519748657,65.79857285295132,205.27755534219523
2024-01-10 04:00:00,29.629317133347016,43.59847800664553,0.2658557533669933,371.08723221368166,52.93107432012651,268.00807502950903
2024-01-10 05:00:00,21.265469614816503,54.36228664140072,0.19409657365044608,371.28547255314874,68.55555659020712,321.5435802064587
2024-01-10 06:00:00,26.372520380749027,53.251005889793305,0.09390725504957027,410.31363644649656,76.4948089432392,296.40855759019706
2024-01-10 07:00:00,21.774568257620697,49.50412068110309,0.1696089006452784,398.5404294528865,70.70610559979187,314.6000824479371
2024-01-10 08:00:00,24.056136268421135,59.23318498023833,0.26484972732805545,400.9839098623476,52.70397530192591,246.39078396366136
2024-01-10 09:00:00,27.177901193934733,44.64957616836924,0.19885659688505591,377.2451399589979,63.61417317273103,393.73743317729276
2024-01-10 10:00:00,25.128560038190926,42.372374145376305,0.15003488838525447,393.087978573827,47.06858456241352,205.90613307561756
2024-01-10 11:00:00,22.844510444141388,46.540459650593775,0.17476125393858913,372.27300567195084,65.72390311175675,339.0048237669375
2024-01-10 12:00:00,23.569392581480063,49.77206991822251,0.24203100132522767,426.7059523337436,64.50603412862539,394.55128743679694
2024-01-10 13:00:00,26.35919549786935,51.21669724661346,0.227336678410069,431.05748004171255,41.30183660467836,338.47264741991165
2024-01-10 14:00:00,23.539266736565725,48.79381971071835,0.1880533950415153,344.6143641328572,48.38216156087636,283.7980618348136
2024-01-10 15:00:00,25.43291717916395,51.76027698257148,0.18165877940926564,372.1146741942277,57.16861103256233,257.73623626696167
2024-01-10 16:00:00,25.091143679807626,43.74230287904778,0.1804120925478089,355.1041223472976,56.991402528591735,382.8870120837005
2024-01-10 17:00:00,23.696799304788367,57.2188230203663,0.15387949077507487,380.4992819677931,47.90523064581195,186.16200597906615
2024-01-10 18:00:00,29.28788817865065,49.58924410803716,0.2807687844734721,397.49686090628916,63.889787293521834,222.3900591696285
2024-01-10 19:00:00,26.267838044636022,55.58647915794064,0.183883976539433,356.5106434090441,62.51473608940512,268.19537876066227
2024-01-10 20:00:00,20.949714826684787,51.71362673188852,0.26085792604127483,372.3442056062406,58.05730868021481,399.01230060095986
2024-01-10 21:00:00,25.372908629538856,52.28376609576892,0.27606580259612257,369.88127883755504,52.44208499841637,330.38141088327166
2024-01-10 22:00:00,23.676427070463223,52.84883640116102,0.24991554490739804,406.2180198819683,70.48707126416564,222.55633931918038
2024-01-10 23:00:00,26.704866669592448,52.23854280008658,0.1784189843640976,402.0803301110875,76.55407113088296,275.1753835692077
2024-01-11 00:00:00,23.414958523134597,53.21361379933772,0.22018650451683047,378.3478733998824,55.16438516153463,250.85414847229646
2024-01-11 01:00:00,24.7705271170662,56.64576265066216,0.1987902196804542,405.30462616418197,53.878330828451794,243.2168806213172
2024-01-11 02:00:00,26.009974557960913,50.98260584850735,0.1548149069634936,383.59959746238206,64.91207665411996,378.31116468454235
2024-01-11 03:00:00,26.731510388340244,53.54501878794256,0.21621796408608016,391.85034669021843,56.419706202530136,190.26054965891956
2024-01-11 04:00:00,22.59940718588845,49.55132152856387,0.14104801044200987,450.2035627089561,58.60602799336766,428.7024684587499
2024-01-11 05:00:00,24.330997528318104,57.200586077247365,0.2593839694230782,440.2138315537104,67.39653151724671,366.25837521476984
2024-01-11 06:00:00,24.050109377678087,46.61803848970365,0.17676913513508036,361.01256289217207,40.906439124927076,387.26893364829584
2024-01-11 07:00:00,23.693341534852575,59.004702164554075,0.21005798279364196,424.89197253637525,73.1830232485267,262.96483903797935
2024-01-11 08:00:00,28.530908480562193,49.79921024677828,0.21416439357730713,424.34189663474774,60.72680524329341,288.00474247367123
2024-01-11 09:00:00,25.80996342192191,42.84612448940976,0.18705475131479615,365.55210133742145,55.8850685543782,185.34785483802304
2024-01-11 10:00:00,22.47823209132991,50.64052207455395,0.22933469007376375,424.5633293126458,59.10765845778551,258.02700743465573
2024-01-11 11:00:00,26.835723894109552,46.5947417126256,0.17625481716887378,446.1379575523766,59.62429355020519,339.4923878114521
2024-01-11 12:00:00,29.244312394025265,54.20321774494362,0.24356486487286222,366.3236558126676,42.68798696555075,403.6850449425117
2024-01-11 13:00:00,27.064930521102294,46.73688010348805,0.1327010159876626,372.4749153695721,74.94938227453235,211.42745465580387
2024-01-11 14:00:00,21.961260068091974,47.7690828339261,0.2063189789773206,430.52984400530505,60.41325632270618,270.75952504117873
2024-01-11 15:00:00,24.0315318542675,40.552296345272346,0.29694644995291425,408.1448593247694,64.43002130447375,287.8960623813982
2024-01-11 16:00:00,27.533822298373245,47.73846840375462,0.14998343376972129,416.5442882571857,69.51549770574043,188.33686382460118
2024-01-11 17:00:00,23.58466106876244,37.88060336685522,0.16611275147375743,410.2176764920149,49.788375424396996,347.307939340672
2024-01-11 18:00:00,25.887638856292458,42.08048588257138,0.22569539248294576,411.72087762784435,64.73471899035229,242.08077346059127
2024-01-11 19:00:00,26.549268106858673,53.80207328072149,0.2089790890969799,360.2058361506675,57.32358909101207,284.36877190583806
2024-01-11 20:00:00,23.146139056843833,53.92900079325416,0.21753150496367796,431.4195311986434,68.46770775216494,263.8440502470498
2024-01-11 21:00:00,24.8809492878764,52.12728780892483,0.2244593565073832,435.0876997728332,38.727725796485046,236.85291954242604
2024-01-11 22:00:00,18.517465319861856,45.165119284353935,0.2317360734280885,393.11827767795916,59.00905699758731,299.43640116155564
2024-01-11 23:00:00,22.95122471733142,49.7614432192901,0.25548499209781117,398.69569150558414,53.97179344216038,282.7512337145582
2024-01-12 00:00:00,24.49486369721368,49.98198730454716,0.22049093284642562,354.06677492332835,64.32262950634156,270.25136941770677
2024-01-12 01:00:00,22.504433636070303,44.20817655403729,0.1879371172690729,415.42764268053503,64.70044187368202,241.72307026557257
2024-01-12 02:00:00,28.26482260786327,57.51699150883575,0.23362868506013656,417.16172325142435,52.92374105177974,325.56197366263643
2024-01-12 03:00:00,22.139717244078735,54.386811452878355,0.2949940967447608,398.13426949002064,52.87826135823956,432.28938147938277
2024-01-12 04:00:00,24.119911026606033,48.89517913085168,0.19336831268087135,433.7306007961151,58.89334631442671,311.19097862713016
2024-01-12 05:00:00,25.261481154572184,50.134429194972654,0.15127353476646793,389.97768307060176,51.033577726847916,379.6894571928903
2024-01-12 06:00:00,27.88254657813223,51.04191403973776,0.25535403346434865,416.938177776808,68.41983695452127,188.782245987723
2024-01-12 07:00:00,22.128275697641122,39.791325657878545,0.1939809418023201,369.41006983923654,56.30792799552554,312.6209151435016
2024-01-12 08:00:00,27.32632750430992,48.764113087397014,0.0913665226992982,399.29343547377283,30.930117806783585,212.21053448231467
2024-01-12 09:00:00,25.020466122039174,46.59007876001101,0.2423710838575211,394.76937226291494,56.25177943378194,181.8460057974479
2024-01-12 10:00:00,23.036982697904097,44.99189995052542,0.17323359070230387,406.75923766122827,49.61456179156028,240.8502874032771
2024-01-12 11:00:00,25.924206948526543,48.594498535570224,0.19547333588479196,388.91419213499927,43.687241845390545,395.3519467530858
2024-01-12 12:00:00,25.398119391146942,58.988432634247616,0.21659901652845073,396.05582212984996,47.62573361777427,376.00126629357163
2024-01-12 13:00:00,23.79956624568241,53.20421430633505,0.20952498398895333,424.78141514324517,61.094084718329704,319.440377764352
2024-01-12 14:00:00,25.13960416998004,47.144105051086015,0.235472590856952,386.8970728828535,73.28640828248231,177.38395520880553
2024-01-12 15:00:00,24.22937280627648,52.86291390678079,0.17822568147150786,351.80268697783964,63.131844738649804,284.297547888965
2024-01-12 16:00:00,25.227034690502496,56.99677718293001,0.22565528990880415,452.48751712616263,53.934966117842606,324.13600071213887
2024-01-12 17:00:00,26.324261349042093,54.62316841456384,0.18702266612080415,441.4436223607146,64.55904195170703,314.04289836628783
2024-01-12 18:00:00,28.172033632290706,50.29815184960087,0.23694052404437516,361.23211914683145,55.40909689781008,152.49651332154033
2024-01-12 19:00:00,22.5243690023463,46.76531611147213,0.2307683742006527,420.69123415735584,53.05399630836855,228.77457215841025
2024-01-12 20:00:00,29.266066749312532,53.49111656806795,0.15322806489777024,384.9107568834597,48.456373317670156,294.87377886810265
2024-01-12 21:00:00,21.095824400954996,51.96742692710875,0.25429910580875165,407.9046164599318,42.48171193248281,342.9032727613752
2024-01-12 22:00:00,24.696429809928834,54.47596610013866,0.1732018277442976,408.8267238704048,56.100762934405545,124.3097743120043
2024-01-12 23:00:00,26.176634412969154,53.175859008409844,0.24040288991405728,392.9677659905103,61.58053489920132,287.0300819616113
2024-01-13 00:00:00,25.561983735470065,55.247763576596675,0.21836436567006703,376.4870300324081,59.0337632998511,311.44390159031616
2024-01-13 01:00:00,23.75460096035881,47.32382394219716,0.29190918383975617,379.2837684305122,55.84033072052641,367.96895908129704
2024-01-13 02:00:00,24.58375549928545,56.58697032817163,0.1888267008814074,372.51424253556274,50.542539393032186,355.4286067389949
2024-01-13 03:00:00,24.013998130682335,50.987998023462,0.18253416019409013,375.04533375308665,66.08246191684968,346.6057055047044
2024-01-13 04:00:00,23.821270486111576,60.37630436312632,0.19902901970561337,397.98465129851934,46.82868080053415,236.00475946384526
2024-01-13 05:00:00,26.69920419404205,46.55406090955216,0.18484101085828625,378.5272003266774,67.76027913843475,147.3598290301354
2024-01-13 06:00:00,25.714030971930093,58.67981901582625,0.23999709509710251,420.4615619713786,49.97782981073275,268.5557794350879
2024-01-13 07:00:00,23.614180809478693,50.98955391731324,0.11918446957817061,444.61738466007785,52.47564762646965,380.1305460166848
2024-01-13 08:00:00,26.799199750866503,46.74290998192776,0.1473158790426823,382.5984027588987,45.33214809384323,411.47636220195454
2024-01-13 09:00:00,25.61459904175322,47.580570829728394,0.14660985392104037,407.1821350160613,54.98597853114363,356.8439281838228
2024-01-13 10:00:00,26.62572423767792,48.3982634590284,0.2475153795986788,414.990553309088,69.75312458477978,334.34726582413873
2024-01-13 11:00:00,26.259257683847224,52.12082973200958,0.28553066862909626,414.16006812757826,65.15628088443957,330.3711718708772
2024-01-13 12:00:00,23.342009978155854,52.6141774401775,0.19477753907312645,402.2786580374826,69.78422112028035,255.51050025913756
2024-01-13 13:00:00,23.87963791960606,47.131499980307105,0.19155891384049947,422.28047255079167,65.22142545933936,289.5951765157104
2024-01-13 14:00:00,26.494587210246525,49.87822703869509,0.20350260815565907,414.46746858041973,48.96330171469631,433.5255620661065
2024-01-13 15:00:00,26.22074053086693,60.71135179305932,0.2580939151304095,362.87012733018105,56.692107756724425,224.59535953664988
2024-01-13 16:00:00,24.958196812071705,58.637715850503554,0.15363234329047132,426.0746819316782,52.19800870882537,429.18230325678815
2024-01-13 17:00:00,25.234654766617563,52.18161834837016,0.21191844913673927,426.61872511800226,73.3057490403904,274.23774764063535
2024-01-13 18:00:00,27.55532979157685,50.190017390841,0.2487598814891215,377.10141687464255,48.03211353573688,406.03456872760626
2024-01-13 19:00:00,23.81685722232834,50.600156633591304,0.22505470849699227,401.1381350634281,68.93697689389111,187.45479924019693
2024-01-13 20:00:00,26.094194762340077,53.06758986365208,0.2094790808299372,420.4998697843321,68.9295387010877,346.87233609317195
2024-01-13 21:00:00,24.595614695132213,44.886037174007974,0.2500523046283571,393.72058541261913,78.29620201716088,241.05838912419023
2024-01-13 22:00:00,24.56463759354556,48.71311731288328,0.06483838535003814,432.18934143298037,55.903134073705026,186.778624646065
2024-01-13 23:00:00,27.19755370397438,41.65707963061205,0.2338937659765454,470.91617483858084,67.12322159580162,317.48272339287564
2024-01-14 00:00:00,26.65083269797606,51.9961156130264,0.1672962158436288,376.42041902095053,82.81651836538842,380.7577430876775
2024-01-14 01:00:00,26.627019272001277,53.2359796985137,0.10846835515717716,358.56866190538676,53.82358323066303,232.40468491252028
2024-01-14 02:00:00,27.61095761430866,47.58406768850313,0.22556012997624905,409.1145578681463,44.6495975246764,180.0787231633279
2024-01-14 03:00:00,25.042007683265517,57.869933816450164,0.2686829272581479,421.6468751537843,41.19989966092236,292.6524188532036
2024-01-14 04:00:00,26.363905942589927,43.8711716849883,0.19312757426861543,393.07400878465694,67.12712028861331,293.0051736978255
2024-01-14 05:00:00,24.379466486813087,42.6781255989509,0.24764372736014695,443.597819899631,41.168497919414165,343.86557020435987
2024-01-14 06:00:00,25.648332704976884,51.12225909279986,0.28061391289943227,359.8418260083025,56.27680947062077,375.9675657091591
2024-01-14 07:00:00,24.739713891264632,55.23549151306077,0.2657457226792024,420.78755869094834,64.37313187038961,295.2467854982005
2024-01-14 08:00:00,25.193991929985437,58.419638457289345,0.28199822646856965,381.8241753772332,61.85175536829914,448.44026518354104
2024-01-14 09:00:00,26.190314050873827,47.7055786856553,0.23710637455359462,451.5813371862189,64.25444864184172,317.93877956282336
2024-01-14 10:00:00,23.363558633533057,55.393404167156476,0.20377168194507966,459.77546059504357,62.22289855800854,272.28587951944803
2024-01-14 11:00:00,29.18477455137092,49.80745765249647,0.11990170940514158,377.00030236649957,72.78865813313394,171.07461127177376
2024-01-14 12:00:00,22.987965237000594,49.1368635002959,0.1876968755935026,383.5132859227426,50.476836192612026,278.9872383747066
2024-01-14 13:00:00,22.571622774424537,54.41829968743336,0.15783767023419043,425.78763660939404,53.23004861541469,273.0890443671091
2024-01-14 14:00:00,27.316221747000135,53.261614392067095,0.3085471358748907,388.38608050631456,52.27340554729176,376.8243837025176
2024-01-14 15:00:00,26.58332538792587,42.11803921507875,0.1912057093783832,398.63766346203283,68.3019181186261,336.99868992534834
2024-01-14 16:00:00,26.24823963410431,57.38270174862948,0.20616024033922428,400.76165261627233,69.00398588395063,205.6504702693906
2024-01-14 17:00:00,26.25669101852856,56.90045677073726,0.2275742688020234,342.4098053140703,64.51225319318507,313.780350912883
2024-01-14 18:00:00,24.97550645430617,46.87218649245235,0.2021801223186227,399.5848676171729,71.83493666889927,353.72249373832426
2024-01-14 19:00:00,23.20549125702834,51.979017667187044,0.28475255202153765,379.3081667780748,48.21959132623619,422.2425087510266
2024-01-14 20:00:00,25.15160911638745,52.47015093141369,0.1688675319132774,385.20631532800684,76.67224111551137,371.00031739312476
2024-01-14 21:00:00,23.645676576975777,51.303368829119535,0.20973037276186215,443.30896010406445,75.23238621712258,360.86773234491824
2024-01-14 22:00:00,26.9502394668355,47.2484742307729,0.1628764707150976,362.3047931716223,67.35621997245747,304.8068795692131
2024-01-14 23:00:00,24.705885236995723,46.641883160309746,0.13399887443896472,424.3961556024393,77.8179890877106,331.06496043387597
2024-01-15 00:00:00,23.349005606414977,49.87222964504277,0.16941154545473575,391.63111209004575,43.43376792322226,399.9603920564927
2024-01-15 01:00:00,24.357228316694012,55.86364509629682,0.1981481601475794,391.60719494512495,54.755518637373484,193.37780820162803
2024-01-15 02:00:00,25.825862908551247,52.71800077297216,0.178534888774137,423.71115688155135,52.64696539318048,272.0448538226435
2024-01-15 03:00:00,23.87255089439205,48.14692833956947,0.1653789510063072,410.2015388370667,67.21479323757343,238.19450009950074
2024-01-15 04:00:00,23.355559208867138,53.85849355324172,0.1296841268164083,417.11838991658595,49.498592603978544,330.33224949808994
2024-01-15 05:00:00,25.487374422983823,35.75728689684962,0.19584472136856526,429.0455398159858,67.57495149337485,398.417774052063
2024-01-15 06:00:00,25.489933142217446,55.74382850186052,0.1247639812984499,390.06074850450034,73.70536143996713,252.24205706231407
2024-01-15 07:00:00,23.98611364925774,41.301431106109504,0.23800279818448014,381.6328979647675,66.95202900084,108.77565060244495
2024-01-15 08:00:00,24.057923388763353,48.18779529298434,0.20412198764672518,367.44548420326606,62.83751023661501,267.0223403980424
2024-01-15 09:00:00,25.464099874715274,44.40165052686928,0.12712242502675347,375.2376841006313,50.121266590992505,373.07789856139254
2024-01-15 10:00:00,22.10383131700535,43.52659262139547,0.18453954614750684,488.4728327592618,51.53149033874635,343.01039223599037
2024-01-15 11:00:00,22.18507245124689,55.8041339368926,0.16239217972047085,437.3403874221036,72.49618905296667,334.2548998248461
2024-01-15 12:00:00,23.563111557495127,47.661493993440544,0.21595872552095904,359.4677690137594,67.79349003905332,277.60053585004164
2024-01-15 13:00:00,24.573105696576306,51.73251940865358,0.26702252230115725,360.3262612976929,59.60980480622456,197.67754110241708
2024-01-15 14:00:00,25.62181513119601,49.76539710560408,0.10624137651771277,414.4559818515547,55.8209045423411,341.2235457299574
2024-01-15 15:00:00,27.950712433899103,52.385204136115604,0.20575130395737087,416.41794392133903,39.74192126888623,233.25745519723
2024-01-15 16:00:00,26.71531924640404,50.38410945530128,0.191993360221668,416.46651505952093,49.291475813155614,474.7277386704365
2024-01-15 17:00:00,24.680122940073147,43.58503887905715,0.2335670038225233,392.35132619338907,79.11419087139723,345.6405766683613
2024-01-15 18:00:00,24.96196758419462,54.9813340972357,0.21065983141188446,396.236372199913,47.195444289975335,253.54813579568392
2024-01-15 19:00:00,22.994941270724382,47.531217084193436,0.16240153341305905,409.8363857247807,61.89479821221081,251.08918020890974
2024-01-15 20:00:00,24.96297372801522,42.21709050670125,0.1840473032166691,402.5767901887999,70.07443973195198,292.5644634709129
2024-01-15 21:00:00,24.422682722159724,47.85942419517044,0.16019870715982557,333.42098881757397,47.450773319977074,280.83984623826
2024-01-15 22:00:00,25.645437120676178,57.503798953171554,0.2538003569299299,393.1060110827442,61.84710474781083,389.3467020423964
2024-01-15 23:00:00,23.345538112895355,54.251108710567465,0.20106558243359712,374.4578069721906,69.37915537510655,314.9132935795237
2024-01-16 00:00:00,26.038693028482346,48.2567393279607,0.2950595342876504,405.2563425672554,60.1249932190725,241.46946088731775
2024-01-16 01:00:00,28.065477826005157,48.25371147840786,0.19696695930926897,489.5577700781023,88.68403055666768,451.2352548124626
2024-01-16 02:00:00,24.782479703086285,48.391824743913084,0.16457966165447688,411.0244499642291,43.31400741121804,303.9446665216178
2024-01-16 03:00:00,25.803423444197882,60.383739917804206,0.12431428036935865,390.59410941482804,70.5872852988388,361.50717407751176
2024-01-16 04:00:00,26.380287983422225,51.90967726115777,0.10984301618720275,427.6540450593176,58.27198262603535,251.34187940441927
2024-01-16 05:00:00,24.19755905622833,52.15020823595535,0.12079320284972551,414.4806366162764,67.71920154836675,329.0492502195619
2024-01-16 06:00:00,25.448184963620832,55.151417270159214,0.21335633255057418,412.60283471355524,64.41307151699246,324.8887992914556
2024-01-16 07:00:00,25.02518480156359,51.19394579513257,0.2254362511614967,418.20551779647013,52.668438028900034,148.82805663230778
2024-01-16 08:00:00,25.195352197097662,48.704789270896484,0.12094046489839333,461.69630694488626,62.2899639245934,461.2220088368512
2024-01-16 09:00:00,23.453980432289068,49.01825075457511,0.24475191570380578,366.0733469402225,41.42098548601713,403.2515568738038
2024-01-16 10:00:00,25.049020348517885,49.64199370292968,0.17584694741582804,414.20896230434363,66.03247500571393,268.22437470832097
2024-01-16 11:00:00,25.9959965824909,49.813888817450795,0.20733965059927748,372.20856610055387,62.98158465990526,211.81842076353155
2024-01-16 12:00:00,27.902287215590082,53.6381477181849,0.2806110314127712,416.66537939026745,66.38660168643102,327.80492910428416
2024-01-16 13:00:00,26.918541652170415,50.2597294290365,0.2448419657932766,372.43940465541715,70.5811832508715,306.93581595315175
2024-01-16 14:00:00,29.306364915023114,53.6632003860779,0.1865734676047084,387.4789955918475,63.67619840209711,328.4535158850583
2024-01-16 15:00:00,23.4653048742239,49.596417099457085,0.15544038872923563,391.1473025728628,61.480894197982764,315.32619169552714
2024-01-16 16:00:00,26.744641273441356,50.39317595158045,0.09240922993353476,429.2745015803413,51.18931663338708,340.4992791444741
2024-01-16 17:00:00,25.366684011476703,40.00899657733946,0.164042334037879,427.55363331827243,52.87779236350949,415.7844559513445
2024-01-16 18:00:00,29.379605866435345,54.581638373512405,0.1894434880586153,362.62847870660846,71.86734620177332,345.4482564102917
2024-01-16 19:00:00,23.383403429289697,51.73244237948996,0.1506410236424408,401.64802332999545,74.36335405705978,216.0275600872047
2024-01-16 20:00:00,23.32055631563845,54.99005054929826,0.19343715164538478,378.7126043575248,57.61889563687946,409.00502821699615
2024-01-16 21:00:00,23.801214709111957,35.518723109031555,0.20384259414793843,362.24485267973995,60.460027472532744,431.249165079063
2024-01-16 22:00:00,20.752208551380384,60.44187352390364,0.18875720090959608,393.4894884872689,50.95385625006234,552.1645387609668
2024-01-16 23:00:00,23.94848995663848,49.30205185922413,0.167499870958827,390.7455163463254,71.72756845267445,210.12047734083217
2024-01-17 00:00:00,23.481734676892604,55.54091408368758,0.2084327335983364,472.8014945903657,66.65416823691778,319.430561052022
2024-01-17 01:00:00,25.300787572952416,44.800470364372345,0.22209703247847046,412.9887947608209,79.4121743646375,133.43210374488103
2024-01-17 02:00:00,25.68351195155432,53.063869525312846,0.1454800461278577,358.6714749773729,51.21676922820261,344.2519325103367
2024-01-17 03:00:00,28.752341678431772,44.732922184131716,0.2705466189873135,383.0567798748717,56.21992100981783,256.1439761466582
2024-01-17 04:00:00,26.900847676372102,46.88115519652097,0.19507059338578692,430.641498862882,62.314459225255725,453.8756635859962
2024-01-17 05:00:00,23.846192688675195,59.570156769333934,0.2009424811472424,462.6532831860977,66.4648953772577,238.03080239851346
2024-01-17 06:00:00,23.203170657303286,49.04658799618327,0.23541072116282788,352.42050063286126,57.84332362452368,164.86535696261907
2024-01-17 07:00:00,25.983838343013012,51.087164365898616,0.2116608065631751,343.60226844582866,51.270389095462995,262.2989007437984
2024-01-17 08:00:00,22.359533585958715,54.35033865344377,0.24765683169566227,456.12895526115346,68.81407528923572,141.960978302629
2024-01-17 09:00:00,28.662917531708707,52.47840943986302,0.21435620826009122,411.6884253211271,67.21135362545581,360.0879563605848
2024-01-17 10:00:00,27.358880241442574,50.75209452571788,0.16937813126797813,373.951218043709,50.83725899436275,134.79335629949435
2024-01-17 11:00:00,24.06164869579059,51.824805012331126,0.2180751762603051,416.0388725836731,73.55442801105495,302.2766064946527
2024-01-17 12:00:00,21.573730941818244,62.01707792619138,0.14281368963396693,320.9275678294937,71.70198709196603,133.77505441150424
2024-01-17 13:00:00,27.707744748330825,49.711906014832074,0.20542798528882616,400.1012651979148,61.34296497247793,274.3761756370686
2024-01-17 14:00:00,24.770920309494763,51.005495233574834,0.19833850046777698,409.83463518529254,60.79597862376036,431.4702524643627
2024-01-17 15:00:00,27.47563262394692,55.25327198003806,0.18959415713637304,427.7281041861349,65.54057771115907,328.8518313148636
2024-01-17 16:00:00,21.811144682411268,55.52762966478992,0.19357312442805347,369.58312143122384,51.38296929743742,230.92051160280528
2024-01-17 17:00:00,23.801249954092455,55.9351515278019,0.10590754772511805,402.5706148421008,60.30031479164082,297.5037208848733
2024-01-17 18:00:00,25.010487399436368,53.19365111014592,0.17256375461295193,372.2372612182124,38.4761645539082,301.4413497635557
2024-01-17 19:00:00,25.093961187529484,44.28497543634758,0.20464224505705575,407.6615126702295,68.76455645502935,337.8104276674725
2024-01-17 20:00:00,24.099869057041513,58.16715766150548,0.20799281959987004,373.13961032910925,44.385067775581405,190.65133093753388
2024-01-17 21:00:00,26.245699864695,44.26827303490656,0.1486162429537021,387.75697482519337,75.03419828428999,347.4053819077865
2024-01-17 22:00:00,22.86475914123481,51.51317732619517,0.26328539204323503,370.12553815629315,56.698799060335496,83.64866947177799
2024-01-17 23:00:00,24.71524102995741,46.22862074990321,0.15669125758927496,419.53408725470973,57.88333018068823,249.60923581089517
2024-01-18 00:00:00,25.2405912634238,49.67930826703504,0.24847286002633684,425.7535334997,53.72266093915494,260.93809260387644
2024-01-18 01:00:00,26.0288776681175,51.6438120515174,0.22135971809358426,392.9613829012776,57.11961126077924,350.6661460856991
2024-01-18 02:00:00,26.42322975617778,51.606786077251364,0.16768863450780985,401.14713984880086,74.18531345148037,301.8104682141495
2024-01-18 03:00:00,22.750715816324263,52.109603771176424,0.2887655446304756,356.5422575609937,35.1219134346492,187.55495569149707
2024-01-18 04:00:00,21.931771658528756,58.06855634529323,0.14031815841217601,391.0097005597964,72.76965386088187,221.2005499346388
2024-01-18 05:00:00,27.55535364379702,52.2676715075699,0.2459577086805001,398.49386148874765,63.38023481101708,315.89440076379253
2024-01-18 06:00:00,25.66462802395918,48.779216823546754,0.25002911590214894,478.62379273089925,47.929783521427844,293.6746126508355
2024-01-18 07:00:00,23.503026926886893,54.820435841441785,0.16646898954616776,366.6409892267751,49.24687606950762,253.6700712291403
2024-01-18 08:00:00,28.102303951045045,55.947352444623206,0.26962326500321643,443.92531716257315,76.76393027208204,261.53329683904167
2024-01-18 09:00:00,25.231349268585717,43.861960924315035,0.18749767427005237,429.90576320397423,50.54493120057269,355.6934397727431
2024-01-18 10:00:00,27.358594368127655,52.98700034924929,0.21443468146399286,408.4190921347041,48.46649489404041,258.5845941704628
2024-01-18 11:00:00,25.13503696282022,53.50586371155449,0.21301609193856105,452.758614525854,71.37314542364729,292.9527004776741
2024-01-18 12:00:00,29.121495849763974,48.51218248320004,0.19328456292647261,411.1631641782059,63.385528762859146,473.59492704644344
2024-01-18 13:00:00,28.510681684886407,56.878534066558096,0.24054041365798912,411.6747758700379,50.620744234636014,186.10538904928615
2024-01-18 14:00:00,24.502071703041853,49.249722064837364,0.23967443602761065,398.4063804094736,62.16624975404619,151.85258147402732
2024-01-18 15:00:00,26.94314190190871,50.62788226735771,0.11257340133809096,436.70706647255884,49.742473163597225,362.68717318388855
2024-01-18 16:00:00,26.290751899170296,49.134640878580655,0.26521701214390764,432.8940770143265,71.00821398422605,245.70855509647174
2024-01-18 17:00:00,27.737263115064696,50.077895237907335,0.11687540059821629,381.2296813751136,70.61370964873133,274.5409977805904
2024-01-18 18:00:00,23.07015307883979,44.51862456552399,0.2516273102170829,360.42258416203697,65.32006198821944,237.50748974951085
2024-01-18 19:00:00,26.372102919996877,42.799745587028525,0.2563352568413792,393.9105808781303,63.61661061247017,279.215988738599
2024-01-18 20:00:00,27.116848973699177,57.97252531612486,0.1454516784892401,375.9988430680706,77.61188124867374,427.8830489677073
2024-01-18 21:00:00,21.482521027153773,45.76519325840836,0.17945928560227076,398.09426276153937,59.996863273882255,364.17027668944957
2024-01-18 22:00:00,22.63348297466845,45.04303825271846,0.14471476657570323,437.12314404052415,48.181258745791986,368.97788095095814
2024-01-18 23:00:00,20.9215356444798,39.23304943198143,0.18925394848556323,386.2809503473963,64.49473912832306,186.70183553658836
2024-01-19 00:00:00,24.461186331110884,46.80519126155249,0.18459828579071294,398.71529856065274,80.86047049537115,207.90770107577046
2024-01-19 01:00:00,26.435084511591924,43.384551032962506,0.23898302661346701,401.74068204425186,49.85240506814148,72.87370724116585
2024-01-19 02:00:00,28.004714104192058,58.21007580068185,0.26551543730598043,425.45292646615854,56.38537233306014,235.24953431337968
2024-01-19 03:00:00,25.14818956083955,55.04908544671317,0.2697841905394978,332.59331998046184,64.16446038101452,376.5362549108527
2024-01-19 04:00:00,28.257231091142582,46.55924827411138,0.1718915986710849,381.7989911570411,59.46095150994261,341.35572125986965
2024-01-19 05:00:00,22.239797083570217,61.26217902672154,0.18953890631277362,406.3385107683842,50.176964196226855,282.2789389638301
2024-01-19 06:00:00,21.59323512128969,54.90882743495797,0.11582809038895249,436.0023686928058,71.21857856230471,298.21597730255576
2024-01-19 07:00:00,24.88890460220676,48.37584308245689,0.15970649667519057,385.24292657481385,83.2004072201726,244.88915659396756
2024-01-19 08:00:00,25.768130897878613,37.50297142563213,0.2482425816548729,343.7034188187438,61.96131459023907,316.38071059214275
2024-01-19 09:00:00,24.934610503811815,61.45471286295371,0.2807791411774116,418.5913433789841,50.95931710264,361.2702623584492
2024-01-19 10:00:00,20.865115799920247,43.05213766618202,0.1382825564060039,380.93912833523115,44.51039474946525,170.72905700716217
2024-01-19 11:00:00,24.821759920974422,41.77300626521554,0.1703767870423553,364.31000022728915,62.57975981221181,323.9718150269878
2024-01-19 12:00:00,22.391060998990294,55.1128521600482,0.19867971215205366,381.26963830860325,71.03877343316258,374.59478967637335
2024-01-19 13:00:00,26.339345097660075,62.19876203169636,0.21400805794098035,394.4642392703245,64.75167746495381,266.79197688293044
2024-01-19 14:00:00,25.733196492193695,56.921364092552594,0.1595198240039177,381.85766006385364,59.97596159081146,356.05604896964667
2024-01-19 15:00:00,23.12024042734529,52.8195456002618,0.2212030522232045,333.8330182870279,54.107283482106936,525.1723555578042
2024-01-19 16:00:00,23.972266165326612,52.97377170832643,0.1763080326464542,426.91198590661395,49.0783636728191,291.65257656104865
2024-01-19 17:00:00,22.881572956222097,54.267077793901535,0.19927738645608606,438.24625123836165,68.34751326324883,331.46456400042587
2024-01-19 18:00:00,24.874641805453656,53.79464294893383,0.22731421240018498,419.54565974018516,69.13771621385585,240.95543330708867
2024-01-19 19:00:00,26.910284641002477,51.40595711984688,0.2003211134905469,365.8694298872555,44.54270213309267,314.500093008164
2024-01-19 20:00:00,23.028547907328914,50.52100551975938,0.17818070547367157,393.95525398157446,75.89838978180684,336.8217299985843
2024-01-19 21:00:00,26.00809303103569,49.68703436050239,0.19451950980370847,399.8043605431163,65.74071220894001,315.58738722161104
2024-01-19 22:00:00,23.93948476325512,46.230177055666616,0.19558185203973324,417.9638316868573,73.99594645145794,218.42437442329145
2024-01-19 23:00:00,23.414254335475313,48.59662461566613,0.1814994485058936,420.05021466154244,46.57872251514885,316.50894170603607
2024-01-20 00:00:00,24.785939280090883,41.535215929023074,0.18706019686664488,377.9747860366451,46.34175844584561,416.97567509741094
2024-01-20 01:00:00,22.92951535516125,49.50830186602625,0.27993235852523585,402.4598666924068,58.51030690232703,335.8908611611622
2024-01-20 02:00:00,23.892701389305635,45.057044464245415,0.22804597239706195,413.7184121384572,65.02784426895194,376.9589751257473
2024-01-20 03:00:00,22.6042442148223,44.48205341392114,0.185225984098542,443.674669664403,77.96360822926964,281.0390423989898
2024-01-20 04:00:00,28.929450265832777,50.89947075576739,0.2348477202255368,421.1351961947417,67.06078913815132,359.9920191538968
2024-01-20 05:00:00,25.07052710394346,56.960011431723,0.18330902551219952,423.6717006212656,57.573187231879665,322.34142705732205
2024-01-20 06:00:00,23.60054898401483,54.59158303001156,0.25865623187933207,402.51479883788085,49.73630792334108,223.92714162502142
2024-01-20 07:00:00,25.427959821468445,42.14749698188412,0.21848210960990472,442.3137743561051,72.3000057271915,325.48168038391
2024-01-20 08:00:00,24.775343900618342,45.05185931714831,0.19463489279978857,412.29288387878495,50.35294574249285,220.66426692477518
2024-01-20 09:00:00,24.558060800933553,54.70385593994108,0.2223858462905139,374.16736269479287,76.28468554772321,249.36957800921664
2024-01-20 10:00:00,26.22833340008685,45.08756303230845,0.12145619239657504,442.1010991037557,57.15615350393491,315.14626458338995
2024-01-20 11:00:00,26.51501542009461,48.87683425001488,0.14366162655450976,420.9370981761708,75.9058207261785,323.7795418704099
2024-01-20 12:00:00,23.938997704778945,52.75026049512276,0.14030374968004725,386.70867936614553,66.78931290059279,204.86140279382965
2024-01-20 13:00:00,23.84836351871064,45.15827772568183,0.20714715473818535,385.6152109780227,58.63004510557542,384.3188616946301
2024-01-20 14:00:00,24.44989660569671,50.5268775307298,0.2866257499742546,408.89726635422284,54.806036281738734,345.7605022640378
2024-01-20 15:00:00,20.39615767052883,43.32987252540898,0.31156500730963166,413.89554385802757,56.5909212265392,243.62172515112928
2024-01-20 16:00:00,21.969617875602896,46.99316178024393,0.23190255507203789,405.9187679689362,64.28316692375238,176.99321628406597
2024-01-20 17:00:00,27.73374853488905,51.598909670712686,0.22504222374722285,409.3392602032865,60.771564962177166,288.4076336734855
2024-01-20 18:00:00,28.28993542700257,42.03503133234165,0.10994711329236306,450.9987212372914,54.06188591931295,264.32450289110716
2024-01-20 19:00:00,24.501927920887244,52.202373689801995,0.1728663100132989,432.1462945670466,58.34368589682368,309.05123656424183
2024-01-20 20:00:00,26.153113926111534,49.901811005366596,0.16061081240458808,405.71906773795075,60.7857702971915,270.9506671075547
2024-01-20 21:00:00,25.622500309087073,52.76244977208574,0.1689576200874442,428.2393174230245,38.71265905585188,139.40345114039923
2024-01-20 22:00:00,31.157761616910477,51.119570670323306,0.19159280907076054,369.02428289417384,64.58168114788698,268.9322449359073
2024-01-20 23:00:00,27.23914982286915,56.82070214986922,0.17639547111514364,411.93781149840424,50.20278775283193,275.55047111453496
2024-01-21 00:00:00,24.744164817038467,50.62612251323954,0.10103500948121062,454.2791904919933,48.46667596794255,350.6928819819247
2024-01-21 01:00:00,23.088919118799147,47.852972294373735,0.2373955128058767,393.4586231382288,43.1265565288929,244.14402603111603
2024-01-21 02:00:00,21.787107359484857,50.61148751516142,0.1463628487130097,374.57098214142746,42.0610750213211,434.2939738698053
2024-01-21 03:00:00,25.406927271734446,52.716490145181936,0.21196234320555749,380.4373333422082,46.44552496887711,147.06875594785944
2024-01-21 04:00:00,23.487298509431394,50.244300351628524,0.3037041334874987,367.3110088797283,52.9097904236951,404.89339982420995
2024-01-21 05:00:00,22.15549258080465,50.20295845601941,0.15403077042067884,376.4571427561689,79.53259137526568,282.05448232975164
2024-01-21 06:00:00,23.706854231514946,46.490041560966226,0.07348562386268351,388.88475704229916,54.74120324104796,368.7667897874845
2024-01-21 07:00:00,22.83690399277121,46.68549541224526,0.18569978890599448,357.83298942464074,61.777501062680315,306.3841187246986
2024-01-21 08:00:00,28.374283270145128,42.98697364100153,0.2550479817499286,400.4685500184881,64.00481386506328,391.1644428820375
2024-01-21 09:00:00,26.7632795138989,58.7478837159347,0.2979173727110297,427.0683152135994,61.31065186215849,269.01104283577513
2024-01-21 10:00:00,24.984054717366764,43.780683823043574,0.13852252027737916,372.7673145955924,59.225565392740066,212.11036598577502
2024-01-21 11:00:00,27.959888277780053,46.53547401102046,0.2248349611618261,445.57851770925305,48.04706236400755,413.6403429816851
2024-01-21 12:00:00,25.154736615295235,46.40796367215401,0.17673447716099733,415.32376265582786,74.50927548279212,290.92154832942873
2024-01-21 13:00:00,23.277431597343472,54.474621884722204,0.19470258228479323,430.9174175687217,78.07196643637886,317.72467788993686
2024-01-21 14:00:00,28.046248154539313,48.52525160853986,0.3322171673508517,380.2649633844359,43.17341305877314,398.7801531235836
2024-01-21 15:00:00,26.077820087369318,56.23871036336867,0.12485148358024234,425.6357568119985,49.7597140911362,217.44358063244522
2024-01-21 16:00:00,22.925507691347086,46.63254687878066,0.2126869830747287,367.2419829881406,57.20189657622994,347.6392718111406
2024-01-21 17:00:00,24.619322643832785,51.39497081111901,0.22338465858827167,426.7074250250953,50.35462205089809,252.80841948296873
2024-01-21 18:00:00,23.248763493230484,45.823264733701215,0.2542893162469674,405.15518019380596,65.05965553455866,289.42645154845025
2024-01-21 19:00:00,22.234400538071327,60.72574563886694,0.20489915767354477,416.5975365995435,52.71727797593387,305.7823172307431
2024-01-21 20:00:00,26.85235509506328,44.062007904852436,0.21540252697520512,364.7321618312545,81.65056067806603,179.98225108424512
2024-01-21 21:00:00,28.81883328094026,51.54910355113514,0.18041757162891045,373.1479047317019,71.90548594343596,237.69303657436524
2024-01-21 22:00:00,22.202864852361717,53.168884404660496,0.21345634706225539,417.91684654760155,62.12574030632215,408.08583139305114
2024-01-21 23:00:00,26.12593847338114,52.06899548725749,0.1828403862251295,371.549559873274,70.26986263319732,370.8952950867837
2024-01-22 00:00:00,23.698714861756347,49.07356170561146,0.23107859449280255,413.8961887629737,71.05900424357309,294.9888338138212
2024-01-22 01:00:00,24.02574923247061,49.35089650133287,0.1815194831978183,358.98586580619263,54.36052511941757,319.44987668103147
2024-01-22 02:00:00,23.81521215152226,50.21905735989555,0.21885501969510934,425.44522638000007,51.83782755458035,276.4605995490834
2024-01-22 03:00:00,23.272018460640368,49.264989991857554,0.1985368593157511,363.02430055694475,60.78143062969647,408.52667086623853
2024-01-22 04:00:00,25.097043255889655,54.81939558397455,0.2563025125386084,416.5689981303857,68.61636124497944,283.9717937764669
2024-01-22 05:00:00,23.338099767177923,61.05261500795676,0.1974303138205757,418.76892800938003,61.390603986534174,318.54736737078787
2024-01-22 06:00:00,25.540913651559677,47.21254107496083,0.11134837658965593,379.09684544711274,44.23003517809003,391.68241153136523
2024-01-22 07:00:00,24.899523781101728,43.15098510210461,0.2630960750356996,417.46079701254183,51.97175556049157,237.81028121232748
2024-01-22 08:00:00,24.52210390626718,49.55858975824373,0.15471338495686907,407.8132679000067,59.26027136405622,424.7031347597515
2024-01-22 09:00:00,23.184872675916804,62.898546688271594,0.167311683067559,383.83474431421786,59.2433439567417,177.56308722052984
2024-01-22 10:00:00,23.846457338863335,45.98162716015135,0.1702169352978254,369.74335947771374,79.72542176789808,430.3713704890239
2024-01-22 11:00:00,26.51078245165151,58.195584027220335,0.2687219046585409,341.12122924982265,46.14012057601002,270.185953283842
2024-01-22 12:00:00,26.001834375248762,58.388504070382204,0.09321628930106524,410.4895014189908,65.05589241835875,280.58410017397745
2024-01-22 13:00:00,23.044889510402896,47.23205879146003,0.3568874266829997,353.05591685913834,74.8911310832829,148.79918630536457
2024-01-22 14:00:00,25.19866461085845,52.84491539592638,0.2528028404533026,402.86032598323925,82.71449745422797,263.6164226097846
2024-01-22 15:00:00,26.502774246743577,58.14198311564269,0.211161945706458,392.0965535175325,55.95602576816039,216.81547751784927
2024-01-22 16:00:00,21.66118943775726,48.10436129506257,0.1972552999691857,420.37428326314586,64.914294527202,251.3882923701222
2024-01-22 17:00:00,26.08672038475987,48.98209819948819,0.21427770374288285,390.9386350153041,65.69760357198646,289.0151227368896
2024-01-22 18:00:00,23.674752482108307,47.09159543025678,0.22605612141896692,390.1165664095873,61.95481731553291,376.6233291578325
2024-01-22 19:00:00,26.14119733718632,44.92621634653567,0.23226077929750286,421.9561211286489,59.01154798760694,316.60826811205004
2024-01-22 20:00:00,23.473481686914965,46.75361227466996,0.22778022330017245,410.0517408725235,64.35975389500047,324.61413227208914
2024-01-22 21:00:00,21.39023579867096,43.880298666188715,0.20447903406276247,409.48467871548337,34.677539147803145,212.358448892355
2024-01-22 22:00:00,21.744915124233675,50.17041734129613,0.19013307898463372,414.0780276942558,66.82069490062631,229.5396728317816
2024-01-22 23:00:00,25.096169893322763,46.150133844706794,0.19243633581732442,353.9328363037868,61.26177903661967,443.89800146810495
2024-01-23 00:00:00,25.519445003442964,51.168929558953735,0.19025458598236597,422.7036603996095,57.77525103221735,241.18391721894028
2024-01-23 01:00:00,23.191366749791182,42.22052176898186,0.25668850484335326,418.3740638204081,80.46862195719558,432.49666016458366
2024-01-23 02:00:00,26.27718491755475,51.654401161072286,0.2296778361140431,369.49950614270506,53.250659812094476,280.5551040895307
2024-01-23 03:00:00,21.67695987546208,54.16764480804462,0.05298056826678599,392.67758578977396,55.96924010934969,300.1830348914803
2024-01-23 04:00:00,24.867840402705365,40.03132178714272,0.23279503882648805,398.82078137117105,79.91553302204734,385.62921281839436
2024-01-23 05:00:00,22.577967600475088,51.87028284923786,0.20973680973593875,395.965096467948,51.679386951501435,401.7513937550925
2024-01-23 06:00:00,23.69632778439568,56.13834496236646,0.19906456217770513,410.01579899705604,54.49884717063461,291.134995177673
2024-01-23 07:00:00,25.094797342632827,43.951794906543974,0.18057407734555572,442.9410034549355,58.5297457656915,268.94055571827687
2024-01-23 08:00:00,23.279173269432096,58.362861934188516,0.2562056359993007,432.45300183018486,68.4073448212955,295.52636411822294
2024-01-23 09:00:00,24.23088891154035,52.095095046830224,0.2473763231061429,360.6334241970578,62.078025073533134,327.0366022585695
2024-01-23 10:00:00,27.01258561842888,46.47494072120796,0.16135611660881954,418.66209970918146,47.07374652847737,371.3042949495804
2024-01-23 11:00:00,23.846216260953703,49.72115461171147,0.22035261435622677,439.8679995860623,54.6783143687281,300.33838871953213
2024-01-23 12:00:00,26.671384224130282,52.791634562608614,0.1514171632729357,411.6042556206761,53.92645566787789,349.51090384185227
2024-01-23 13:00:00,22.740586290684764,50.38002695706206,0.13101909176055349,432.729412755579,59.22778954776955,431.06877858167525
2024-01-23 14:00:00,26.059608355830566,52.693779962231844,0.16866413877050174,460.36811337102296,64.25843658629829,330.5047689811828
2024-01-23 15:00:00,27.8831372413158,45.39663203460317,0.24311967361913794,430.7112863832094,64.18205755887972,324.93222848038226
2024-01-23 16:00:00,20.05671099974542,50.84680412018039,0.24765625226880433,407.47925786925185,42.23988245951598,178.48713399279458
2024-01-23 17:00:00,23.406209489059048,42.9314275154751,0.22565427100486465,431.3526542225426,70.63940987560856,89.54158905367493
2024-01-23 18:00:00,26.15414425436108,49.443869693256495,0.23625478934239988,404.34663499290673,62.52568845996623,331.07005833841345
2024-01-23 19:00:00,24.593909227914015,45.48046179267605,0.22580891435574793,400.71709129854867,73.84532047593906,292.4140614975302
2024-01-23 20:00:00,25.742291746742616,46.322350287051165,0.1679259202388524,389.45757292858804,64.44198327290673,258.81738600682064
2024-01-23 21:00:00,23.792029626568358,56.18046587605219,0.22159612723369704,446.90240076496326,71.01322957735762,319.48241633490755
2024-01-23 22:00:00,25.1731795749458,55.45655060297135,0.24002047626138412,375.44714002174,64.66545311450128,295.1677016642473
2024-01-23 23:00:00,24.68864552921584,53.045690604535885,0.23771456649067874,445.9710317403435,73.46225756202747,390.2224200507119
2024-01-24 00:00:00,27.335564123319614,44.538436176637106,0.2594456685737322,414.99592371221115,65.22250636017779,306.88886946071824
2024-01-24 01:00:00,25.508841686602427,48.41795775152599,0.2354151923600532,358.02081475594173,59.02084753557096,240.2461371943866
2024-01-24 02:00:00,25.675205324150404,56.06548849989592,0.21757241037707917,411.02947878974265,82.72434720446881,379.2132991167431
2024-01-24 03:00:00,24.176246067755066,50.70858456819953,0.2535075119158214,336.9992047704513,68.89037122279892,282.6295140043038
2024-01-24 04:00:00,24.024787551855013,61.59664769990847,0.19867393703754702,418.76524050493106,65.73744421004413,342.1229346937846
2024-01-24 05:00:00,24.134883624360757,51.96658919697186,0.15590626743861413,426.5569444896697,47.23695583461664,261.80714350457595
2024-01-24 06:00:00,25.788904284756594,50.960245582450156,0.19184665180281182,382.2293213304384,47.11692382536462,248.0138491602051
2024-01-24 07:00:00,24.158031038359475,48.4544176789875,0.16275486775967757,403.70643087866745,62.92715482141853,306.7334584148557
2024-01-24 08:00:00,25.579549713792826,50.66770452391141,0.16624108625128092,458.6247230125086,61.45521197768241,301.0262914834948
2024-01-24 09:00:00,29.15080159729088,49.23765081809728,0.19277406646422413,384.8275988721419,53.858774349916835,338.38616282934663
2024-01-24 10:00:00,26.742249406863383,53.54054338344295,0.16037900395000193,368.232772388302,61.4098269961206,278.5083397352206
2024-01-24 11:00:00,24.347952935664317,54.783511583972924,0.184601923518048,444.449902073878,75.88626928043595,153.0912172983682
2024-01-24 12:00:00,27.40242784432789,46.070052697460255,0.10531926665231073,458.87761571592387,66.95402474550299,265.3780893129289
2024-01-24 13:00:00,24.183849253956897,43.343835232211106,0.21066468536864694,400.1108701554354,48.589914902472614,363.50547737150526
2024-01-24 14:00:00,20.923750929644292,40.818973134483514,0.20006027376811122,430.3438910622507,58.884911728570565,276.2099136605515
2024-01-24 15:00:00,22.98382737816519,52.53995663456272,0.15914556844659047,440.2442774659264,51.950335191474394,280.28932779883615
2024-01-24 16:00:00,21.25841615794829,44.483166969130636,0.23296228342162026,377.7254730238485,56.12300083591439,378.910120472475
2024-01-24 17:00:00,24.296973031917382,39.23554703523759,0.24687850688132792,385.44082493896394,55.86384334370357,243.04214181928617
2024-01-24 18:00:00,25.036836758379103,51.94289302265482,0.1196220067815513,436.92623539464205,55.22354417395995,176.57574254056803
2024-01-24 19:00:00,28.352874624550566,62.46499758716395,0.1618637610716893,450.5504283612553,47.44864628026605,287.14951043796043
2024-01-24 20:00:00,25.653854747528325,49.96964544230053,0.1615428825106351,416.88642580523066,58.7234531848181,261.266083900101
2024-01-24 21:00:00,24.56179894238227,54.19245387225821,0.15300484494455677,373.60556939493836,54.3939236315269,222.7002944197397
2024-01-24 22:00:00,26.658811162366977,50.40914679273782,0.24147374209658745,459.61183335098326,30.70551309997732,285.96972352810474
2024-01-24 23:00:00,20.57772938198423,49.50555173404429,0.19030869306135983,384.0708730656411,80.52972024501663,339.3204517797427
2024-01-25 00:00:00,25.47122911621713,54.59538241493884,0.18677425793446947,389.94586656485643,70.88769654216672,299.25691507457475
2024-01-25 01:00:00,26.541730387773935,48.548627279056745,0.09980688177966233,410.2701350346886,56.23699275075004,324.55848581489903
2024-01-25 02:00:00,22.04282750844032,51.33696157035951,0.23177090151046134,446.6248126214432,60.188190497405984,445.07261588123384
2024-01-25 03:00:00,27.287508086413858,51.60848903098007,0.1380370802573264,425.61927929656673,48.28345652682438,272.56969107539487
2024-01-25 04:00:00,25.67699281498883,46.659547731784755,0.20299663151331643,412.4459650108573,76.95722877810866,322.26789077157355
2024-01-25 05:00:00,24.169424172198397,54.960211747682614,0.21386884689790958,413.89865590354316,78.97288694773111,259.26293099206924
2024-01-25 06:00:00,26.26556373221257,49.12520121652296,0.26803292979193255,401.305440059304,61.56693728246525,232.29122240904218
2024-01-25 07:00:00,29.54138571560879,46.221274202535774,0.1345589800440444,416.7441854355552,70.23530644185345,253.20738772657842
2024-01-25 08:00:00,25.36373251011699,52.68254921785202,0.04902439220895874,324.1131976691709,61.75286778933924,261.6993142782649
2024-01-25 09:00:00,25.496441172600672,45.50766009104481,0.20919247723768475,391.10177622790604,46.63274561124069,328.75806380377
2024-01-25 10:00:00,24.081278200919513,50.14090578684564,0.2900255590755427,407.23965804750344,55.881766310363425,487.9260629360606
2024-01-25 11:00:00,23.300311261070416,49.954405016778985,0.2619473176469719,365.4695774914148,61.31927966771957,242.7165250979328
2024-01-25 12:00:00,26.66067163308849,55.42947782915789,0.2104829707637313,411.5896995343468,55.45452281256556,266.669975550763
2024-01-25 13:00:00,23.287832348182267,52.373491164399766,0.17541819071839765,393.8658633704164,57.81346722564964,294.95015895110015
2024-01-25 14:00:00,25.143132474438787,49.87486520627428,0.24035612983186552,452.6642709494647,59.08600442490886,331.6639078967798
2024-01-25 15:00:00,24.044685106469768,54.08883149600143,0.15132269001477658,447.1905917564457,59.191215021345386,321.0840649563828
2024-01-25 16:00:00,25.957959651492782,56.951037745086566,0.22381788846781098,386.0258329264551,60.522584904974835,402.7276635158494
2024-01-25 17:00:00,25.667324210573895,52.78905153175931,0.22527350795833134,395.47486865299913,49.39394933603399,105.88863435718335
2024-01-25 18:00:00,27.0750798885158,50.051763099216906,0.253010495374944,397.7815730317482,52.82983850872064,109.04561038434619
2024-01-25 19:00:00,23.979967202290506,43.4408188382492,0.33798300194555386,386.4502157152113,47.15415734300031,260.32974623918807
2024-01-25 20:00:00,24.460250129413257,44.67443168462314,0.21962079835893836,405.8507495208438,69.778155496862,387.78401500349673
2024-01-25 21:00:00,23.042472568435386,48.473876478226664,0.17455181871462508,377.2515379333723,38.943530581596754,174.7481574715523
2024-01-25 22:00:00,24.111413479847776,46.952438989203586,0.1987212843904003,366.0815399518742,71.53590343316925,59.38941282449943
2024-01-25 23:00:00,25.754600986089706,49.06514348507277,0.1115462047555441,418.68133671700804,73.86349397262843,345.69435249753667
2024-01-26 00:00:00,26.513977233290703,50.283249624485535,0.1652643434455471,418.8858875266543,56.97819413017378,319.49257789621714
2024-01-26 01:00:00,23.15566935164475,52.64846377178365,0.17953587809434482,375.87052721020024,33.96862912172701,212.7833274560456
2024-01-26 02:00:00,26.739211840211322,49.647506109704544,0.1737955801032704,426.86066292287796,56.38689438032709,221.1568319423256
2024-01-26 03:00:00,27.7112757176099,52.43250821913101,0.2076177436016861,381.05266812504004,59.35815838711181,222.42050242922605
2024-01-26 04:00:00,25.8268698064474,50.3223720740506,0.15887900338088998,407.59495714113945,49.89401780071087,308.8428253979152
2024-01-26 05:00:00,28.753591625116133,40.12266716823064,0.2560515333662236,424.6103203783737,54.84781606191757,249.89477790535943
2024-01-26 06:00:00,23.452421601792853,45.30332303090623,0.20001035324590988,398.9916230588886,75.30195198863352,339.52511351804156
2024-01-26 07:00:00,22.510690593377166,49.27956222139192,0.1995349839430693,413.64222736423403,66.64927162301741,71.62986696764872
2024-01-26 08:00:00,21.442559502191443,43.951526285794465,0.18360526417435413,384.50711068337284,50.754358856219,231.45185078977607
2024-01-26 09:00:00,27.992088622978365,52.999643649981024,0.20775953419294896,394.1060024971571,44.02400830404568,209.91568312711598
2024-01-26 10:00:00,26.308731312708115,57.65375416171849,0.24125491323338175,393.8242170735898,56.729826823902286,279.4927457302006
2024-01-26 11:00:00,24.88883065817909,56.09380925848659,0.15664348921445498,377.6026496037928,57.86543220649562,256.9561793207889
2024-01-26 12:00:00,25.559937252639642,48.93278564534896,0.16709417554623718,394.69677510652656,64.96199187363317,363.8275023916613
2024-01-26 13:00:00,22.749021905403247,57.45363068424976,0.18481369856116678,353.5414510340876,54.64683287432341,151.2530582671954
2024-01-26 14:00:00,29.891503959233653,50.74333728601056,0.13270645382633928,385.26538758573685,65.11499575361862,303.63931810646017
2024-01-26 15:00:00,25.258442363950454,48.31457014440981,0.15903710701392512,391.4537351989099,79.35154040060229,344.66691385693645
2024-01-26 16:00:00,25.218789589209784,46.9329866822953,0.17618895632276704,392.3146074251386,68.15501022444262,448.5317949249564
2024-01-26 17:00:00,26.451533247797386,48.48765156755936,0.24371945903563638,392.7550766238766,59.519114926692275,261.458722312522
2024-01-26 18:00:00,25.962018463473427,48.05911590729386,0.21312806645009627,398.14707400419616,58.16849528946705,325.95668834820134
2024-01-26 19:00:00,25.447768048558263,50.85208111187744,0.20967949556837723,414.3832455425819,56.433268658201285,155.6909765950108
2024-01-26 20:00:00,23.419051089109377,50.802869905249324,0.24254489810839863,426.23551222397566,71.80640912452145,108.6435036549581
2024-01-26 21:00:00,25.94293671427199,50.01523010076707,0.19313141058003017,380.507043194552,53.72686554048697,367.581950062536
2024-01-26 22:00:00,28.764048992950066,52.18469084873175,0.2195232424964445,363.90397433832567,60.45222708999982,299.5551765081544
2024-01-26 23:00:00,27.690840092309955,55.95323137393171,0.1948389123533752,368.7386676327069,60.511979018810855,394.2810151838738
2024-01-27 00:00:00,28.186373253278795,54.74777067720662,0.21326811746998142,385.3839123641522,54.98215807188468,190.12776888242007
2024-01-27 01:00:00,23.97756864713763,42.575510157750486,0.1708620671194209,389.44236046550475,46.27534452115899,341.5921711623002
2024-01-27 02:00:00,23.020790359482838,37.230394325490224,0.07805914208617855,376.90011801407627,63.22974503617668,449.5054272435083
2024-01-27 03:00:00,24.748426159800704,54.67159955619637,0.1932860418906848,361.1165000725032,59.389960281446164,333.5764486685813
2024-01-27 04:00:00,25.111449824577388,43.165606507922895,0.27113740680499704,386.31637517577434,65.0024046943657,322.1265204472839
2024-01-27 05:00:00,27.188383036941897,48.87617299053658,0.24631077011207964,405.44279860341913,54.66399693560833,300.684486465948
2024-01-27 06:00:00,21.61507074057036,44.1494348697032,0.24826987422955854,417.85088397506695,72.20821298813048,174.32948342992702
2024-01-27 07:00:00,28.059100638921226,40.990097812099904,0.2618065360903109,383.27730840675036,51.23226218788155,408.44583485682784
2024-01-27 08:00:00,24.683984202842023,52.70731364102394,0.20443287954807188,387.61006533569696,77.12040284017893,251.13138881559473
2024-01-27 09:00:00,24.14623786010516,53.79577580151324,0.20986578537027978,372.1990507345807,42.52363490171739,340.35866051064136
2024-01-27 10:00:00,22.975791249479666,47.1174479963664,0.1691174052282825,399.0568248887567,64.3477006455689,174.9572554742997
2024-01-27 11:00:00,21.690286656268462,37.04478853927545,0.18419635719864752,374.5471409742756,64.75430682526624,205.64322683937758
2024-01-27 12:00:00,26.64634116792383,47.268777758737585,0.2307885574885571,417.193834397236,52.04442932059118,414.80699193777883
2024-01-27 13:00:00,25.146635934376807,51.959020027012734,0.2601942218584408,346.42400524197666,64.24393937861012,272.21581688337255
2024-01-27 14:00:00,22.420078200517892,42.60544215612936,0.19302768621595004,389.21110982642614,72.7951866976016,416.2620380834036
2024-01-27 15:00:00,22.409842455872766,50.91679959889578,0.17749053675742943,409.03322017575226,37.831811606459354,293.74154727531857
2024-01-27 16:00:00,24.328430601419743,49.923450754135025,0.20002639794282986,405.51503548967514,65.02744807490815,152.6481781633714
2024-01-27 17:00:00,28.338043050578786,52.89645749800544,0.23006033744645576,480.79100991941493,35.06729179669922,371.36540797853763
2024-01-27 18:00:00,24.48081729727279,50.59790184207077,0.12780725919332292,410.49400073703725,50.34335196476792,252.80861457955137
2024-01-27 19:00:00,21.99371409376379,45.134655295592225,0.0851909523431381,369.8783620947397,76.29166364900945,355.89510508136345
2024-01-27 20:00:00,24.50851387182811,55.982857508322454,0.17247315752542083,397.1360725873278,54.18217966607946,302.01686940320656
2024-01-27 21:00:00,24.45455286050466,49.20735213486515,0.13896437870429207,346.71260999600645,48.261200355910276,176.55054176457037
2024-01-27 22:00:00,19.606226714116858,49.86347730245034,0.17459299011763446,397.5820075210972,58.020622710153184,313.1435812296455
2024-01-27 23:00:00,24.891410266964375,45.33366020463402,0.19261098405912644,375.00831828997724,80.67906338163553,475.6978513722239
2024-01-28 00:00:00,24.538130939582643,47.78358874404245,0.17733757954884935,427.46170826680486,41.68317752793974,339.43891668115674
2024-01-28 01:00:00,26.392412729626837,45.575986429865495,0.2726233767235373,383.51379176213396,49.48690088360655,295.39857975956295
2024-01-28 02:00:00,28.69791218989069,49.135269700382885,0.21633723823011602,396.4970225261426,74.97431683179626,386.0274721565518
2024-01-28 03:00:00,27.253130059095515,58.558542400711715,0.21502371798054143,380.9332647578679,78.57702343537733,316.85347721624885
2024-01-28 04:00:00,24.46222261889034,43.140494285343216,0.2311103572021701,452.16554055559993,58.96568775709716,316.7627384210235
2024-01-28 05:00:00,22.78694818251666,41.932193010616295,0.14305834411096155,390.3627170164626,47.60947297473358,212.6699862272718
2024-01-28 06:00:00,30.146719606499722,57.35585163746804,0.2519555893710135,454.97671130437607,80.95843501809159,318.70784206316785
2024-01-28 07:00:00,25.118436868028976,48.95338161424067,0.19621178567322703,424.424552863548,75.94442391749197,382.8354733133556
2024-01-28 08:00:00,25.027858583825893,46.65463630670042,0.23352403086206064,414.4620018200616,66.78946987762232,233.11502783199802
2024-01-28 09:00:00,24.951749825779995,55.199523436980385,0.14640713834799224,411.0619944195256,51.8759765106258,413.9596656997558
2024-01-28 10:00:00,25.39616952153571,46.97192230131568,0.12231206169919678,411.81391894648755,59.50970659161963,292.6635180683899
2024-01-28 11:00:00,24.711279176152114,59.13004856773468,0.24089448290125146,342.1698226196317,58.396399189551694,228.97843907691674
2024-01-28 12:00:00,23.85267598623953,53.38962935669635,0.21882047630487583,391.6334981754773,63.30851304615578,379.81056615361956
2024-01-28 13:00:00,23.906282117519215,47.560442959271484,0.1548974222821245,425.35473913552966,74.51001438131337,277.05646114093844
2024-01-28 14:00:00,24.934493459568003,60.786541066327516,0.1565168459362653,398.53308449577685,68.79417041137403,360.76119099888865
2024-01-28 15:00:00,23.91315045773247,46.971425384983306,0.2562717392207385,357.84430459589277,49.226239230152416,276.659309419317
2024-01-28 16:00:00,23.574308434645673,53.71047686004653,0.1405294053566336,398.42786648267594,73.76496450019538,295.2139085176077
2024-01-28 17:00:00,25.212860455383794,51.49646290203246,0.2821336476627982,451.1231654876647,63.131321400131554,339.48481634674334
2024-01-28 18:00:00,24.49004556515829,56.50870644699399,0.15496896326760656,437.40675146604156,66.87065795858916,323.27176460720045
2024-01-28 19:00:00,28.007985977165376,57.807555983634266,0.23191959628041917,398.13987971901906,74.66540859278604,140.35745756386092
2024-01-28 20:00:00,19.698060383213978,50.160020745328836,0.18356907621255078,428.5434783117426,48.88419750486449,210.30050079244864
2024-01-28 21:00:00,27.183013703844924,46.23291064826908,0.23015937155411717,389.00478938895844,59.64174421293537,374.35279878326526
2024-01-28 22:00:00,27.49217038499526,52.29986071469558,0.17279429989429038,348.88385239519846,54.68545448640785,289.4290728878762
2024-01-28 23:00:00,20.8532195351837,46.61142315123947,0.1918603546963853,372.26602035611336,44.32140574634544,258.1014957782863
2024-01-29 00:00:00,24.314624811839302,60.066936237633115,0.20204595876978607,446.88666305524595,63.467099776049196,191.31407877940205
2024-01-29 01:00:00,24.257118268008416,50.68267665541369,0.14989062721092639,391.7802075451209,85.11556551584424,213.62109429793213
2024-01-29 02:00:00,22.18497661056436,48.17339224343946,0.2370412172710063,392.69848061874944,41.59922255494247,138.2561088030442
2024-01-29 03:00:00,23.44436662481825,50.92340152932454,0.17433932167642074,391.00485411175356,59.6771938895053,291.8975425038774
2024-01-29 04:00:00,22.778848309068344,43.26436855235152,0.18857000423299908,457.1240976871902,66.40542935074774,252.12499355351625
2024-01-29 05:00:00,28.504540886847245,45.14192980744674,0.1502825312695744,448.7787674608619,61.23078201656181,222.67296872117478
2024-01-29 06:00:00,26.87135678629492,56.00206953972213,0.07188331706023449,466.563407003444,58.86871947484259,294.5501259865637
2024-01-29 07:00:00,27.54311018998832,46.71552860514302,0.19044861186999157,395.22864368799844,47.007836365541756,329.11765046821904
2024-01-29 08:00:00,26.44334412808647,44.765445086590304,0.3206307710806458,408.86873466241286,62.327867429401635,467.4558345767956
2024-01-29 09:00:00,22.74189645756554,52.68326376263643,0.23923021439490122,354.5007235173763,52.43236022984074,179.0493264349429
2024-01-29 10:00:00,23.950959467440452,55.928520773314986,0.19903698101328027,444.30803278354824,38.100782950214466,392.75048346404174
2024-01-29 11:00:00,25.978749122455834,53.594766553325336,0.18685545853958663,364.96661346196197,71.94592220513731,377.84812488120576
2024-01-29 12:00:00,22.55574438221611,54.98023842902908,0.20112329464060233,406.50326691287887,69.58385819842043,237.67258084986395
2024-01-29 13:00:00,26.425996860344775,46.21602455715269,0.2273559557587605,367.08092417101466,60.5166097685108,316.2588763668825
2024-01-29 14:00:00,24.51934920368373,42.89094666629078,0.14095935923455777,382.3339951978391,62.29074688205703,263.3893400529908
2024-01-29 15:00:00,24.250358384900807,57.506668259777435,0.25571608473344365,374.88212706850896,70.74318012715561,314.85508643349914
2024-01-29 16:00:00,26.421919936406983,48.38660080578932,0.23576906577206222,381.76374217972545,62.24339656778083,420.73048107236406
2024-01-29 17:00:00,25.88852662297208,48.745834917724764,0.23590928628539673,383.8263189055306,69.04017554761315,348.44849861050506
2024-01-29 18:00:00,24.27806766836184,56.64097070924529,0.22192378694048637,383.55193615224766,57.0251779912615,340.6886698586754
2024-01-29 19:00:00,27.318659606728495,52.7811500470033,0.2009808328846995,425.0000173534092,73.11983738573946,265.5752544036286
2024-01-29 20:00:00,22.837873344800204,52.279438860408035,0.23364306179834102,366.8541162081244,63.207857259326836,181.2754668060532
2024-01-29 21:00:00,26.231871213888528,60.825011724505416,0.2295907066870689,406.616242810416,61.94051943605874,283.3225431567674
2024-01-29 22:00:00,26.186202515936767,46.78240884809929,0.18229796445294882,436.5387745691668,47.29938911287968,396.5286523891132
2024-01-29 23:00:00,24.38090712137202,54.63920064040619,0.17131991135515495,384.6041090645981,62.869558543017085,177.8265714728282
2024-01-30 00:00:00,25.652266044484236,50.28506562448542,0.20509281476309935,378.46243327757196,51.68045082505549,215.5928505458644
2024-01-30 01:00:00,22.497772847229395,51.34296139431628,0.2774510075747594,393.0842612445925,53.617172734715055,310.10141889872546
2024-01-30 02:00:00,26.848054038413803,57.64234213206266,0.13804464621730497,435.3917562508213,51.846243716838785,221.227617212219
2024-01-30 03:00:00,24.63019572711402,52.53917878144812,0.126623736712378,405.8232289286007,49.33765068100775,236.598124230783
2024-01-30 04:00:00,23.95455395896192,52.69148039524816,0.20823804206182583,384.063571161772,81.24771403016962,266.1121134617458
2024-01-30 05:00:00,27.098018451673777,55.362536686549014,0.20254438509280093,414.51629953564117,73.31339061988403,190.75060766478805
2024-01-30 06:00:00,23.591312618914483,48.17523635228557,0.20866708321852043,366.9312355049073,79.20367502144262,222.07025230269053
2024-01-30 07:00:00,22.18307740727288,45.80395166330497,0.21219765989542502,420.4407853132884,47.77104980444436,356.2742333429847
2024-01-30 08:00:00,21.886741652952193,44.775954029894834,0.18883988726825976,412.25821923105303,60.712537499108926,195.41041742152288
2024-01-30 09:00:00,26.212019902691278,40.16821705311999,0.27449317193010414,390.7657458658335,47.06492374795904,172.170229240413
2024-01-30 10:00:00,22.439141295007435,60.28103564970161,0.11995480107617423,374.84242604658306,53.04305122802936,249.59800163728846
2024-01-30 11:00:00,28.509588363968728,44.483958171391585,0.15857514876098772,373.3995723314963,50.81873016583425,358.5564402007877
2024-01-30 12:00:00,20.836141184232556,48.89373188207114,0.19483726199254764,416.0445200903773,72.39584006441561,284.2462553602488
2024-01-30 13:00:00,28.392912736580076,48.6159335005554,0.11784055944229165,436.86941507467185,56.0377032189824,262.8335137507505
2024-01-30 14:00:00,25.422034934405236,51.537033489045506,0.19120727977839647,380.88076758913616,70.68379333694017,303.54870380124856
2024-01-30 15:00:00,24.806573776259214,54.078686062696484,0.28307350828640093,413.7516011065445,66.04120889588518,160.34340537122785
2024-01-30 16:00:00,23.9101618263821,54.30236744179873,0.2010443244147981,337.38918944193796,83.03638752104789,339.5764523020026
2024-01-30 17:00:00,25.798272228704143,47.08461280715531,0.2115350452859342,382.461468080284,45.20555776860276,330.67480251229154
2024-01-30 18:00:00,24.924730595150304,49.16439143106794,0.136991761741371,399.06823201387294,72.59233239786799,267.2553220723423
2024-01-30 19:00:00,27.206603764033044,51.4128997524415,0.16918192959802614,372.709497490545,71.46440870400727,380.47396094371334
2024-01-30 20:00:00,25.22845529732408,48.75654436908226,0.18124018098380315,371.90480875631215,50.26621161972965,209.80031208375692
2024-01-30 21:00:00,25.300603522923755,58.03672788009996,0.1841142451621883,379.96661330593344,70.0713333647316,390.2327194602855
2024-01-30 22:00:00,24.27277557557229,52.45487475819126,0.26408218975018843,408.7657818497912,63.361449630262285,312.3594932476201
2024-01-30 23:00:00,24.886108752557867,53.67438893024909,0.22788455303625624,394.38012944780877,57.72523740046592,273.07579280974613
